Distance In Route,Effective Grade Percent,Effective Speed Limit,Elevation
0.0,0.05,10.0,0.0
0.05,0.05,10.0,0.13
0.1,0.05,10.0,0.26
0.15,0.05,10.0,0.4
0.2,0.05,10.0,0.53
0.25,0.0497,10.0,0.66
0.3,0.049,10.0,0.79
0.35,0.0485,10.0,0.92
0.4,0.0456,10.0,1.04
0.45,0.0453,10.0,1.16
0.5,0.0546,10.0,1.29
0.55,0.0606,10.0,1.45
0.6,0.0648,10.0,1.61
0.65,0.0641,10.0,1.78
0.7,0.0653,10.0,1.95
0.75,0.0668,10.0,2.13
0.8,0.0659,10.0,2.3
0.85,0.0609,10.0,2.47
0.9,0.0511,10.0,2.62
0.95,0.0348,10.0,2.73
1.0,0.0059,10.0,2.79
1.05,-0.0173,10.0,2.77
1.1,-0.0669,10.0,2.66
1.15,-0.1002,10.0,2.44
1.2,-0.1342,10.0,2.13
1.25,-0.1679,10.0,1.73
1.3,-0.2039,10.0,1.24
1.35,-0.2437,10.0,0.65
1.4,-0.2745,10.0,-0.04
1.45,-0.2943,10.0,-0.79
1.5,-0.3205,25.0,-1.6
1.55,-0.3446,25.0,-2.48
1.6,-0.3585,25.0,-3.4
1.65,-0.3856,25.0,-4.39
1.7,-0.3952,25.0,-5.42
1.75,-0.4183,25.0,-6.49
1.8,-0.4202,25.0,-7.6
1.85,-0.4335,25.0,-8.72
1.9,-0.4352,25.0,-9.87
1.95,-0.4466,25.0,-11.03
2.0,-0.4568,25.0,-12.23
2.05,-0.4673,25.0,-13.45
2.1,-0.4661,25.0,-14.68
2.15,-0.4618,25.0,-15.9
2.2,-0.4664,25.0,-17.13
2.25,-0.464,25.0,-18.36
2.3,-0.4724,25.0,-19.59
2.35,-0.4687,25.0,-20.84
2.4,-0.4811,25.0,-22.09
2.45,-0.4775,25.0,-23.35
2.5,-0.4705,25.0,-24.61
2.55,-0.4729,25.0,-25.85
2.6,-0.4777,25.0,-27.11
2.65,-0.4807,25.0,-28.37
2.7,-0.4826,25.0,-29.64
2.75,-0.4834,25.0,-30.92
2.8,-0.4901,25.0,-32.2
2.85,-0.4882,25.0,-33.49
2.9,-0.4955,25.0,-34.79
2.95,-0.5119,25.0,-36.12
3.0,-0.5176,25.0,-37.48
3.05,-0.5256,25.0,-38.86
3.1,-0.5234,40.0,-40.24
3.15,-0.5134,40.0,-41.61
3.2,-0.4857,40.0,-42.93
3.25,-0.4515,40.0,-44.17
3.3,-0.412,40.0,-45.31
3.35,-0.372,40.0,-46.34
3.4,-0.341,40.0,-47.28
3.45,-0.3127,40.0,-48.15
3.5,-0.2894,40.0,-48.94
3.55,-0.2561,40.0,-49.66
3.6,-0.228,40.0,-50.3
3.65,-0.1865,40.0,-50.85
3.7,-0.1358,40.0,-51.27
3.75,-0.0912,40.0,-51.57
3.8,-0.051,40.0,-51.76
3.85,-0.0215,40.0,-51.86
3.9,0.0111,40.0,-51.87
3.95,0.0539,40.0,-51.78
4.0,0.0891,40.0,-51.6
4.05,0.1289,40.0,-51.31
4.1,0.1653,40.0,-50.92
4.15,0.1791,40.0,-50.46
4.2,0.2135,40.0,-49.95
4.25,0.2326,40.0,-49.36
4.3,0.2557,40.0,-48.71
4.35,0.2786,40.0,-48.01
4.4,0.306,40.0,-47.24
4.45,0.3404,40.0,-46.38
4.5,0.3563,40.0,-45.46
4.55,0.3784,40.0,-44.49
4.6,0.4186,40.0,-43.44
4.65,0.4508,40.0,-42.29
4.7,0.4588,50.0,-41.09
4.75,0.4484,50.0,-39.9
4.8,0.4495,50.0,-38.71
4.85,0.4591,50.0,-37.51
4.9,0.4726,50.0,-36.28
4.95,0.5005,50.0,-35.0
5.0,0.5258,50.0,-33.64
5.05,0.533,50.0,-32.24
5.1,0.5403,50.0,-30.83
5.15,0.5465,50.0,-29.39
5.2,0.5466,50.0,-27.95
5.25,0.5335,50.0,-26.52
5.3,0.5185,50.0,-25.14
5.35,0.513,50.0,-23.77
5.4,0.4754,50.0,-22.47
5.45,0.4315,50.0,-21.27
5.5,0.3901,50.0,-20.19
5.55,0.353,50.0,-19.21
5.6,0.3106,50.0,-18.33
5.65,0.2653,50.0,-17.57
5.7,0.2292,50.0,-16.92
5.75,0.1924,50.0,-16.36
5.8,0.1471,50.0,-15.91
5.85,0.1166,50.0,-15.57
5.9,0.0899,50.0,-15.29
5.95,0.0503,50.0,-15.11
6.0,0.0049,50.0,-15.03
6.05,-0.0338,50.0,-15.07
6.1,-0.061,50.0,-15.2
6.15,-0.1003,50.0,-15.41
6.2,-0.1162,50.0,-15.7
6.25,-0.12,50.0,-16.01
6.3,-0.1336,50.0,-16.34
6.35,-0.1558,50.0,-16.73
6.4,-0.175,50.0,-17.16
6.45,-0.1822,50.0,-17.63
6.5,-0.1932,50.0,-18.13
6.55,-0.2099,50.0,-18.66
6.6,-0.2286,50.0,-19.24
6.65,-0.2421,50.0,-19.86
6.7,-0.2566,50.0,-20.52
6.75,-0.2701,50.0,-21.21
6.8,-0.2808,50.0,-21.94
6.85,-0.2888,50.0,-22.69
6.9,-0.3034,50.0,-23.48
6.95,-0.3126,50.0,-24.29
7.0,-0.3135,50.0,-25.11
7.05,-0.3155,50.0,-25.95
7.1,-0.3119,50.0,-26.77
7.15,-0.3076,50.0,-27.59
7.2,-0.3094,50.0,-28.41
7.25,-0.3125,50.0,-29.23
7.3,-0.3114,50.0,-30.05
7.35,-0.3115,50.0,-30.87
7.4,-0.3098,50.0,-31.69
7.45,-0.3062,50.0,-32.51
7.5,-0.3008,50.0,-33.31
7.55,-0.2962,50.0,-34.09
7.6,-0.2948,50.0,-34.87
7.65,-0.2939,50.0,-35.65
7.7,-0.2933,50.0,-36.43
7.75,-0.2904,50.0,-37.2
7.8,-0.2929,50.0,-37.97
7.85,-0.2952,50.0,-38.74
7.9,-0.2951,50.0,-39.52
7.95,-0.2973,50.0,-40.31
8.0,-0.2992,50.0,-41.09
8.05,-0.3006,50.0,-41.88
8.1,-0.2997,50.0,-42.68
8.15,-0.3035,50.0,-43.47
8.2,-0.3069,50.0,-44.28
8.25,-0.3062,50.0,-45.09
8.3,-0.3024,50.0,-45.89
8.35,-0.2972,50.0,-46.68
8.4,-0.2933,50.0,-47.46
8.45,-0.2903,50.0,-48.23
8.5,-0.288,50.0,-49.0
8.55,-0.2858,50.0,-49.75
8.6,-0.2843,50.0,-50.51
8.65,-0.2823,50.0,-51.25
8.7,-0.2817,50.0,-52.0
8.75,-0.2814,50.0,-52.74
8.8,-0.2806,50.0,-53.48
8.85,-0.2798,50.0,-54.22
8.9,-0.2796,50.0,-54.96
8.95,-0.2799,50.0,-55.7
9.0,-0.2798,50.0,-56.44
9.05,-0.2785,50.0,-57.18
9.1,-0.2629,50.0,-57.89
9.15,-0.2495,50.0,-58.57
9.2,-0.2361,50.0,-59.21
9.25,-0.2235,50.0,-59.81
9.3,-0.2057,50.0,-60.38
9.35,-0.1861,50.0,-60.9
9.4,-0.184,50.0,-61.39
9.45,-0.1767,50.0,-61.86
9.5,-0.1584,50.0,-62.31
9.55,-0.1409,50.0,-62.7
9.6,-0.1244,50.0,-63.05
9.65,-0.1069,50.0,-63.36
9.7,-0.0931,50.0,-63.62
9.75,-0.0815,50.0,-63.85
9.8,-0.0733,50.0,-64.05
9.85,-0.0551,50.0,-64.22
9.9,-0.0334,50.0,-64.34
9.95,-0.0172,50.0,-64.41
10.0,-0.0126,50.0,-64.45
10.05,-0.007,50.0,-64.47
10.1,0.0,50.0,-64.48
10.15,0.0124,50.0,-64.47
10.2,0.032,50.0,-64.41
10.25,0.0537,50.0,-64.29
10.3,0.0573,50.0,-64.15
10.35,0.0603,50.0,-63.99
10.4,0.0739,50.0,-63.82
10.45,0.0853,50.0,-63.6
10.5,0.0837,50.0,-63.38
10.55,0.0795,50.0,-63.17
10.6,0.0868,50.0,-62.95
10.65,0.0851,50.0,-62.72
10.7,0.0675,50.0,-62.52
10.75,0.047,50.0,-62.37
10.8,0.0442,50.0,-62.25
10.85,0.0352,50.0,-62.14
10.9,0.0176,50.0,-62.07
10.95,-0.0128,50.0,-62.07
11.0,-0.0423,50.0,-62.14
11.05,-0.0831,50.0,-62.3
11.1,-0.121,50.0,-62.57
11.15,-0.1508,50.0,-62.93
11.2,-0.1791,50.0,-63.37
11.25,-0.2098,50.0,-63.88
11.3,-0.2429,50.0,-64.48
11.35,-0.2773,50.0,-65.17
11.4,-0.3122,50.0,-65.94
11.45,-0.3354,50.0,-66.8
11.5,-0.3555,50.0,-67.71
11.55,-0.3742,50.0,-68.67
11.6,-0.4049,50.0,-69.7
11.65,-0.4255,50.0,-70.8
11.7,-0.4412,50.0,-71.94
11.75,-0.4527,50.0,-73.12
11.8,-0.4657,50.0,-74.33
11.85,-0.4816,50.0,-75.59
11.9,-0.4943,50.0,-76.87
11.95,-0.511,50.0,-78.2
12.0,-0.5216,50.0,-79.56
12.05,-0.5308,50.0,-80.95
12.1,-0.5415,50.0,-82.37
12.15,-0.5499,50.0,-83.81
12.2,-0.5608,50.0,-85.27
12.25,-0.5714,50.0,-86.77
12.3,-0.5838,50.0,-88.29
12.35,-0.5943,50.0,-89.85
12.4,-0.599,50.0,-91.42
12.45,-0.6,50.0,-93.01
12.5,-0.6048,50.0,-94.6
12.55,-0.6095,50.0,-96.2
12.6,-0.6135,50.0,-97.81
12.65,-0.6078,50.0,-99.43
12.7,-0.6047,50.0,-101.03
12.75,-0.6022,50.0,-102.62
12.8,-0.5999,50.0,-104.21
12.85,-0.5984,50.0,-105.79
12.9,-0.5971,50.0,-107.37
12.95,-0.5986,50.0,-108.95
13.0,-0.5975,50.0,-110.52
13.05,-0.5979,50.0,-112.1
13.1,-0.5983,50.0,-113.68
13.15,-0.6025,50.0,-115.27
13.2,-0.6047,50.0,-116.86
13.25,-0.6096,50.0,-118.46
13.3,-0.6074,50.0,-120.07
13.35,-0.6039,50.0,-121.67
13.4,-0.5989,50.0,-123.26
13.45,-0.599,50.0,-124.84
13.5,-0.5999,50.0,-126.42
13.55,-0.5979,50.0,-128.0
13.6,-0.5978,50.0,-129.58
13.65,-0.5981,50.0,-131.16
13.7,-0.5977,50.0,-132.74
13.75,-0.5948,50.0,-134.31
13.8,-0.5955,50.0,-135.88
13.85,-0.5958,50.0,-137.45
13.9,-0.598,50.0,-139.03
13.95,-0.5981,50.0,-140.61
14.0,-0.5983,50.0,-142.19
14.05,-0.5981,50.0,-143.77
14.1,-0.6007,50.0,-145.35
14.15,-0.6032,50.0,-146.94
14.2,-0.606,50.0,-148.53
14.25,-0.6016,50.0,-150.13
14.3,-0.6077,50.0,-151.72
14.35,-0.6167,50.0,-153.34
14.4,-0.6243,50.0,-154.98
14.45,-0.6308,50.0,-156.64
14.5,-0.627,50.0,-158.3
14.55,-0.6268,50.0,-159.95
14.6,-0.6241,50.0,-161.6
14.65,-0.6227,50.0,-163.25
14.7,-0.6128,50.0,-164.88
14.75,-0.6011,50.0,-166.48
14.8,-0.5934,50.0,-168.06
14.85,-0.5964,50.0,-169.63
14.9,-0.5978,50.0,-171.2
14.95,-0.6005,50.0,-172.79
15.0,-0.6013,50.0,-174.37
15.05,-0.6065,50.0,-175.97
15.1,-0.6102,50.0,-177.57
15.15,-0.6094,50.0,-179.18
15.2,-0.6131,50.0,-180.8
15.25,-0.6151,50.0,-182.42
15.3,-0.6221,50.0,-184.05
15.35,-0.6164,50.0,-185.69
15.4,-0.617,50.0,-187.31
15.45,-0.6123,50.0,-188.94
15.5,-0.6091,50.0,-190.55
15.55,-0.6081,50.0,-192.16
15.6,-0.6056,50.0,-193.76
15.65,-0.6047,50.0,-195.36
15.7,-0.6017,50.0,-196.95
15.75,-0.5977,50.0,-198.53
15.8,-0.5895,50.0,-200.1
15.85,-0.5825,50.0,-201.65
15.9,-0.5793,50.0,-203.18
15.95,-0.5824,50.0,-204.71
16.0,-0.5828,50.0,-206.25
16.05,-0.5831,50.0,-207.79
16.1,-0.5834,50.0,-209.33
16.15,-0.5952,50.0,-210.88
16.2,-0.6011,50.0,-212.46
16.25,-0.5982,50.0,-214.05
16.3,-0.6022,50.0,-215.63
16.35,-0.6071,50.0,-217.23
16.4,-0.61,50.0,-218.83
16.45,-0.6118,50.0,-220.45
16.5,-0.6074,50.0,-222.06
16.55,-0.6044,50.0,-223.66
16.6,-0.598,50.0,-225.24
16.65,-0.5928,50.0,-226.82
16.7,-0.5903,50.0,-228.38
16.75,-0.5864,50.0,-229.93
16.8,-0.5859,50.0,-231.48
16.85,-0.588,50.0,-233.03
16.9,-0.5894,50.0,-234.58
16.95,-0.5866,50.0,-236.13
17.0,-0.5883,50.0,-237.68
17.05,-0.5907,50.0,-239.24
17.1,-0.5988,50.0,-240.81
17.15,-0.6,50.0,-242.39
17.2,-0.6044,50.0,-243.98
17.25,-0.61,50.0,-245.59
17.3,-0.6161,50.0,-247.2
17.35,-0.6179,50.0,-248.83
17.4,-0.6154,50.0,-250.46
17.45,-0.6172,50.0,-252.09
17.5,-0.6146,50.0,-253.71
17.55,-0.6091,50.0,-255.33
17.6,-0.6055,50.0,-256.93
17.65,-0.6054,50.0,-258.53
17.7,-0.6062,50.0,-260.13
17.75,-0.5974,50.0,-261.72
17.8,-0.584,50.0,-263.28
17.85,-0.578,50.0,-264.81
17.9,-0.5762,50.0,-266.34
17.95,-0.5738,50.0,-267.85
18.0,-0.5744,50.0,-269.37
18.05,-0.5764,50.0,-270.89
18.1,-0.5765,50.0,-272.41
18.15,-0.5795,50.0,-273.94
18.2,-0.5846,50.0,-275.47
18.25,-0.5906,50.0,-277.02
18.3,-0.5782,50.0,-278.57
18.35,-0.5697,50.0,-280.08
18.4,-0.5649,50.0,-281.58
18.45,-0.5677,50.0,-283.08
18.5,-0.5672,50.0,-284.57
18.55,-0.5573,50.0,-286.06
18.6,-0.5627,50.0,-287.54
18.65,-0.577,50.0,-289.04
18.7,-0.5825,50.0,-290.57
18.75,-0.5857,50.0,-292.11
18.8,-0.587,50.0,-293.66
18.85,-0.5889,50.0,-295.21
18.9,-0.5956,50.0,-296.78
18.95,-0.5881,50.0,-298.34
19.0,-0.5914,50.0,-299.9
19.05,-0.5768,50.0,-301.44
19.1,-0.56,50.0,-302.94
19.15,-0.5567,50.0,-304.41
19.2,-0.5503,50.0,-305.87
19.25,-0.5423,50.0,-307.32
19.3,-0.5279,50.0,-308.73
19.35,-0.5197,50.0,-310.11
19.4,-0.502,50.0,-311.46
19.45,-0.4698,50.0,-312.74
19.5,-0.4393,50.0,-313.94
19.55,-0.4205,50.0,-315.08
19.6,-0.3881,50.0,-316.15
19.65,-0.3504,50.0,-317.12
19.7,-0.3201,50.0,-318.01
19.75,-0.3037,50.0,-318.83
19.8,-0.2817,50.0,-319.6
19.85,-0.2525,50.0,-320.31
19.9,-0.2403,50.0,-320.96
19.95,-0.2244,50.0,-321.57
20.0,-0.2117,50.0,-322.15
20.05,-0.1952,50.0,-322.68
20.1,-0.1736,50.0,-323.17
20.15,-0.1526,50.0,-323.6
20.2,-0.1347,50.0,-323.98
20.25,-0.123,50.0,-324.32
20.3,-0.1123,50.0,-324.63
20.35,-0.0997,50.0,-324.91
20.4,-0.0904,50.0,-325.16
20.45,-0.0779,50.0,-325.38
20.5,-0.0612,50.0,-325.57
20.55,-0.0522,50.0,-325.72
20.6,-0.0522,50.0,-325.85
20.65,-0.0506,50.0,-325.99
20.7,-0.0426,50.0,-326.11
20.75,-0.039,50.0,-326.22
20.8,-0.024,50.0,-326.3
20.85,-0.0128,50.0,-326.35
20.9,-0.0287,50.0,-326.41
20.95,-0.0026,50.0,-326.45
21.0,0.0157,50.0,-326.43
21.05,0.0148,50.0,-326.39
21.1,0.0006,50.0,-326.37
21.15,-0.0054,50.0,-326.38
21.2,0.0034,50.0,-326.38
21.25,-0.0101,50.0,-326.39
21.3,-0.0115,50.0,-326.42
21.35,-0.0072,50.0,-326.44
21.4,-0.0135,50.0,-326.47
21.45,-0.0216,50.0,-326.52
21.5,-0.0126,50.0,-326.56
21.55,-0.0192,50.0,-326.6
21.6,-0.0188,50.0,-326.65
21.65,-0.0286,50.0,-326.72
21.7,-0.0049,50.0,-326.76
21.75,-0.0032,50.0,-326.77
21.8,-0.0092,50.0,-326.79
21.85,-0.0027,50.0,-326.8
21.9,0.0125,50.0,-326.79
21.95,0.0165,50.0,-326.75
22.0,0.0065,50.0,-326.72
22.05,0.0155,50.0,-326.69
22.1,0.0234,50.0,-326.64
22.15,0.0141,50.0,-326.59
22.2,0.008,50.0,-326.56
22.25,0.0242,50.0,-326.52
22.3,0.0233,50.0,-326.46
22.35,0.0251,50.0,-326.39
22.4,0.0173,50.0,-326.34
22.45,0.0089,50.0,-326.3
22.5,0.0059,50.0,-326.28
22.55,0.0074,50.0,-326.27
22.6,0.005,50.0,-326.25
22.65,0.0017,50.0,-326.24
22.7,-0.0012,50.0,-326.24
22.75,0.0002,50.0,-326.24
22.8,-0.0023,50.0,-326.24
22.85,0.0005,50.0,-326.25
22.9,0.0034,50.0,-326.24
22.95,0.007,50.0,-326.23
23.0,0.0083,50.0,-326.21
23.05,0.0082,50.0,-326.18
23.1,0.0091,50.0,-326.16
23.15,0.008,50.0,-326.14
23.2,0.0086,50.0,-326.12
23.25,0.0078,50.0,-326.1
23.3,0.0083,50.0,-326.07
23.35,-0.0003,50.0,-326.06
23.4,-0.0085,50.0,-326.08
23.45,-0.015,50.0,-326.11
23.5,-0.0167,50.0,-326.15
23.55,-0.0156,50.0,-326.19
23.6,-0.0156,50.0,-326.23
23.65,-0.0144,50.0,-326.27
23.7,-0.0128,50.0,-326.31
23.75,-0.0113,50.0,-326.34
23.8,-0.0044,50.0,-326.36
23.85,0.0118,50.0,-326.35
23.9,0.0235,50.0,-326.3
23.95,0.0375,50.0,-326.22
24.0,0.0495,50.0,-326.11
24.05,0.067,50.0,-325.95
24.1,0.0809,50.0,-325.76
24.15,0.0947,50.0,-325.53
24.2,0.1132,50.0,-325.25
24.25,0.1269,50.0,-324.94
24.3,0.1382,50.0,-324.59
24.35,0.1501,50.0,-324.21
24.4,0.162,50.0,-323.79
24.45,0.1688,50.0,-323.36
24.5,0.1778,50.0,-322.9
24.55,0.1848,50.0,-322.42
24.6,0.1939,50.0,-321.92
24.65,0.1949,50.0,-321.41
24.7,0.1952,50.0,-320.89
24.75,0.2,50.0,-320.37
24.8,0.206,50.0,-319.84
24.85,0.2115,50.0,-319.28
24.9,0.2163,50.0,-318.72
24.95,0.2263,50.0,-318.14
25.0,0.2308,50.0,-317.53
25.05,0.2332,50.0,-316.92
25.1,0.239,50.0,-316.3
25.15,0.2468,50.0,-315.66
25.2,0.2501,50.0,-315.0
25.25,0.2548,50.0,-314.33
25.3,0.2538,50.0,-313.66
25.35,0.2528,50.0,-312.99
25.4,0.2519,50.0,-312.33
25.45,0.2507,50.0,-311.66
25.5,0.2499,50.0,-311.0
25.55,0.2491,50.0,-310.34
25.6,0.2497,50.0,-309.69
25.65,0.2514,50.0,-309.02
25.7,0.2528,50.0,-308.36
25.75,0.2542,50.0,-307.69
25.8,0.2555,50.0,-307.02
25.85,0.257,50.0,-306.34
25.9,0.2588,50.0,-305.66
25.95,0.2854,50.0,-304.94
26.0,0.267,50.0,-304.21
26.05,0.253,50.0,-303.53
26.1,0.2566,50.0,-302.85
26.15,0.2567,50.0,-302.17
26.2,0.2575,50.0,-301.5
26.25,0.2548,50.0,-300.82
26.3,0.2593,50.0,-300.14
26.35,0.2591,50.0,-299.46
26.4,0.2498,50.0,-298.79
26.45,0.2511,50.0,-298.12
26.5,0.2553,50.0,-297.46
26.55,0.2441,50.0,-296.8
26.6,0.2563,50.0,-296.14
26.65,0.2573,50.0,-295.46
26.7,0.2659,50.0,-294.77
26.75,0.2489,50.0,-294.09
26.8,0.2515,50.0,-293.43
26.85,0.254,50.0,-292.76
26.9,0.2429,50.0,-292.1
26.95,0.237,50.0,-291.47
27.0,0.2322,50.0,-290.85
27.05,0.2277,50.0,-290.24
27.1,0.1968,50.0,-289.68
27.15,0.1811,50.0,-289.18
27.2,0.1703,50.0,-288.72
27.25,0.1572,50.0,-288.29
27.3,0.1359,50.0,-287.9
27.35,0.1194,50.0,-287.56
27.4,0.1154,50.0,-287.25
27.45,0.1054,50.0,-286.96
27.5,0.104,50.0,-286.69
27.55,0.0952,50.0,-286.42
27.6,0.0863,50.0,-286.18
27.65,0.0815,50.0,-285.96
27.7,0.0801,50.0,-285.75
27.75,0.0739,50.0,-285.55
27.8,0.069,50.0,-285.36
27.85,0.0678,50.0,-285.18
27.9,0.0689,50.0,-285.0
27.95,0.0656,50.0,-284.82
28.0,0.0638,50.0,-284.65
28.05,0.061,50.0,-284.48
28.1,0.0584,50.0,-284.33
28.15,0.0497,50.0,-284.18
28.2,0.0423,50.0,-284.06
28.25,0.0355,50.0,-283.96
28.3,0.0317,50.0,-283.87
28.35,0.0247,50.0,-283.8
28.4,0.018,50.0,-283.74
28.45,0.0184,50.0,-283.69
28.5,0.0221,50.0,-283.64
28.55,0.0233,50.0,-283.58
28.6,0.0182,50.0,-283.52
28.65,0.0169,50.0,-283.48
28.7,0.0268,50.0,-283.42
28.75,0.0383,50.0,-283.33
28.8,0.0523,50.0,-283.21
28.85,0.0667,50.0,-283.06
28.9,0.0802,50.0,-282.86
28.95,0.0933,50.0,-282.63
29.0,0.1104,50.0,-282.37
29.05,0.1226,50.0,-282.06
29.1,0.1283,50.0,-281.73
29.15,0.1369,50.0,-281.38
29.2,0.1557,50.0,-280.99
29.25,0.1744,50.0,-280.55
29.3,0.1845,50.0,-280.08
29.35,0.1986,50.0,-279.57
29.4,0.2101,50.0,-279.04
29.45,0.224,50.0,-278.46
29.5,0.2264,50.0,-277.87
29.55,0.2331,50.0,-277.26
29.6,0.2387,50.0,-276.64
29.65,0.2421,50.0,-276.0
29.7,0.244,50.0,-275.36
29.75,0.2526,50.0,-274.71
29.8,0.2571,50.0,-274.03
29.85,0.2623,50.0,-273.35
29.9,0.2708,50.0,-272.64
29.95,0.278,50.0,-271.92
30.0,0.2809,50.0,-271.18
30.05,0.2918,50.0,-270.43
30.1,0.3061,50.0,-269.64
30.15,0.3067,50.0,-268.83
30.2,0.31,50.0,-268.01
30.25,0.3129,50.0,-267.19
30.3,0.3162,50.0,-266.36
30.35,0.3122,50.0,-265.53
30.4,0.3105,50.0,-264.71
30.45,0.3095,50.0,-263.89
30.5,0.3106,50.0,-263.07
30.55,0.3125,50.0,-262.25
30.6,0.3157,50.0,-261.42
30.65,0.3173,50.0,-260.59
30.7,0.3182,50.0,-259.75
30.75,0.3141,50.0,-258.91
30.8,0.3088,50.0,-258.09
30.85,0.3043,50.0,-257.28
30.9,0.3005,50.0,-256.48
30.95,0.2997,50.0,-255.69
31.0,0.2991,50.0,-254.9
31.05,0.3046,50.0,-254.1
31.1,0.3085,50.0,-253.29
31.15,0.3113,50.0,-252.48
31.2,0.3075,50.0,-251.66
31.25,0.3038,50.0,-250.85
31.3,0.2983,50.0,-250.06
31.35,0.2964,50.0,-249.27
31.4,0.2977,50.0,-248.49
31.45,0.2975,50.0,-247.7
31.5,0.2941,50.0,-246.92
31.55,0.2926,50.0,-246.15
31.6,0.2961,50.0,-245.37
31.65,0.2964,50.0,-244.59
31.7,0.2962,50.0,-243.81
31.75,0.296,50.0,-243.02
31.8,0.3018,50.0,-242.23
31.85,0.298,50.0,-241.44
31.9,0.2979,50.0,-240.66
31.95,0.2994,50.0,-239.87
32.0,0.3031,50.0,-239.07
32.05,0.3033,50.0,-238.27
32.1,0.3024,50.0,-237.47
32.15,0.3039,50.0,-236.67
32.2,0.3024,50.0,-235.87
32.25,0.2941,50.0,-235.08
32.3,0.2858,50.0,-234.32
32.35,0.2741,50.0,-233.58
32.4,0.2591,50.0,-232.88
32.45,0.2442,50.0,-232.21
32.5,0.226,50.0,-231.59
32.55,0.2092,50.0,-231.02
32.6,0.1908,50.0,-230.49
32.65,0.1776,50.0,-230.0
32.7,0.1666,50.0,-229.55
32.75,0.1542,50.0,-229.12
32.8,0.1427,50.0,-228.73
32.85,0.1323,50.0,-228.37
32.9,0.1186,50.0,-228.04
32.95,0.1102,50.0,-227.74
33.0,0.0972,50.0,-227.46
33.05,0.0907,50.0,-227.21
33.1,0.0822,50.0,-226.99
33.15,0.077,50.0,-226.78
33.2,0.0731,50.0,-226.58
33.25,0.068,50.0,-226.39
33.3,0.0638,50.0,-226.22
33.35,0.0572,50.0,-226.06
33.4,0.0539,50.0,-225.91
33.45,0.0452,50.0,-225.78
33.5,0.0378,50.0,-225.67
33.55,0.0287,50.0,-225.58
33.6,0.0187,50.0,-225.52
33.65,0.0079,50.0,-225.49
33.7,-0.0006,50.0,-225.48
33.75,-0.0096,50.0,-225.49
33.8,-0.037,50.0,-225.55
33.85,-0.058,50.0,-225.68
33.9,-0.0836,50.0,-225.86
33.95,-0.114,50.0,-226.12
34.0,-0.1426,50.0,-226.46
34.05,-0.1712,50.0,-226.88
34.1,-0.1975,50.0,-227.36
34.15,-0.2279,50.0,-227.93
34.2,-0.2564,50.0,-228.56
34.25,-0.2802,50.0,-229.27
34.3,-0.3069,50.0,-230.05
34.35,-0.3332,50.0,-230.89
34.4,-0.3496,50.0,-231.79
34.45,-0.3723,50.0,-232.75
34.5,-0.3903,50.0,-233.75
34.55,-0.413,50.0,-234.81
34.6,-0.4234,50.0,-235.92
34.65,-0.4335,50.0,-237.05
34.7,-0.4488,50.0,-238.21
34.75,-0.4581,50.0,-239.41
34.8,-0.4652,50.0,-240.63
34.85,-0.4749,50.0,-241.87
34.9,-0.4885,50.0,-243.14
34.95,-0.4941,50.0,-244.44
35.0,-0.5008,50.0,-245.75
35.05,-0.5134,50.0,-247.09
35.1,-0.5284,50.0,-248.47
35.15,-0.5381,50.0,-249.87
35.2,-0.553,50.0,-251.31
35.25,-0.5595,50.0,-252.78
35.3,-0.5634,50.0,-254.27
35.35,-0.5681,50.0,-255.76
35.4,-0.5686,50.0,-257.26
35.45,-0.569,50.0,-258.76
35.5,-0.5693,50.0,-260.26
35.55,-0.5693,50.0,-261.77
35.6,-0.5693,50.0,-263.27
35.65,-0.5691,50.0,-264.77
35.7,-0.569,50.0,-266.27
35.75,-0.5688,50.0,-267.78
35.8,-0.5692,50.0,-269.28
35.85,-0.5595,50.0,-270.77
35.9,-0.5404,50.0,-272.22
35.95,-0.5253,50.0,-273.63
36.0,-0.5074,50.0,-274.99
36.05,-0.4827,50.0,-276.3
36.1,-0.4576,50.0,-277.54
36.15,-0.4335,50.0,-278.71
36.2,-0.4109,50.0,-279.83
36.25,-0.3857,50.0,-280.88
36.3,-0.3669,50.0,-281.87
36.35,-0.3488,50.0,-282.82
36.4,-0.3271,50.0,-283.71
36.45,-0.3083,50.0,-284.55
36.5,-0.2937,50.0,-285.34
36.55,-0.2766,50.0,-286.1
36.6,-0.2544,50.0,-286.8
36.65,-0.2383,50.0,-287.45
36.7,-0.2261,50.0,-288.06
36.75,-0.2135,50.0,-288.64
36.8,-0.1941,50.0,-289.18
36.85,-0.1823,50.0,-289.68
36.9,-0.1792,50.0,-290.15
36.95,-0.1705,50.0,-290.62
37.0,-0.1609,50.0,-291.05
37.05,-0.1552,50.0,-291.47
37.1,-0.1475,50.0,-291.87
37.15,-0.1373,50.0,-292.25
37.2,-0.1335,50.0,-292.6
37.25,-0.1314,50.0,-292.95
37.3,-0.1227,50.0,-293.29
37.35,-0.1084,50.0,-293.59
37.4,-0.1019,50.0,-293.87
37.45,-0.0953,50.0,-294.13
37.5,-0.0859,50.0,-294.37
37.55,-0.0855,50.0,-294.6
37.6,-0.0881,50.0,-294.83
37.65,-0.0913,50.0,-295.06
37.7,-0.0877,50.0,-295.3
37.75,-0.0846,50.0,-295.53
37.8,-0.0865,50.0,-295.75
37.85,-0.085,50.0,-295.98
37.9,-0.0829,50.0,-296.2
37.95,-0.0848,50.0,-296.42
38.0,-0.0822,50.0,-296.64
38.05,-0.0821,50.0,-296.86
38.1,-0.0825,50.0,-297.08
38.15,-0.0877,50.0,-297.3
38.2,-0.0945,50.0,-297.54
38.25,-0.0986,50.0,-297.8
38.3,-0.1045,50.0,-298.06
38.35,-0.1083,50.0,-298.35
38.4,-0.1086,50.0,-298.63
38.45,-0.1079,50.0,-298.92
38.5,-0.1132,50.0,-299.21
38.55,-0.1173,50.0,-299.51
38.6,-0.1147,50.0,-299.82
38.65,-0.1087,50.0,-300.11
38.7,-0.1084,50.0,-300.4
38.75,-0.1046,50.0,-300.68
38.8,-0.1053,50.0,-300.96
38.85,-0.1091,50.0,-301.24
38.9,-0.1127,50.0,-301.54
38.95,-0.1147,50.0,-301.84
39.0,-0.1171,50.0,-302.14
39.05,-0.1176,50.0,-302.45
39.1,-0.1189,50.0,-302.76
39.15,-0.1196,50.0,-303.08
39.2,-0.1203,50.0,-303.39
39.25,-0.121,50.0,-303.71
39.3,-0.1204,50.0,-304.03
39.35,-0.1203,50.0,-304.35
39.4,-0.1121,50.0,-304.66
39.45,-0.1047,50.0,-304.94
39.5,-0.0977,50.0,-305.21
39.55,-0.0928,50.0,-305.46
39.6,-0.0878,50.0,-305.7
39.65,-0.0826,50.0,-305.92
39.7,-0.0783,50.0,-306.14
39.75,-0.073,50.0,-306.34
39.8,-0.0682,50.0,-306.52
39.85,-0.0638,50.0,-306.7
39.9,-0.0568,50.0,-306.86
39.95,-0.0489,50.0,-307.0
40.0,-0.0444,50.0,-307.12
40.05,-0.0382,50.0,-307.23
40.1,-0.0337,50.0,-307.32
40.15,-0.0256,50.0,-307.4
40.2,-0.0226,50.0,-307.46
40.25,-0.0193,50.0,-307.52
40.3,-0.0149,50.0,-307.57
40.35,-0.0107,50.0,-307.6
40.4,-0.0074,50.0,-307.62
40.45,-0.0041,50.0,-307.64
40.5,0.0004,50.0,-307.64
40.55,0.0025,50.0,-307.64
40.6,0.0014,50.0,-307.63
40.65,0.0031,50.0,-307.63
40.7,0.0049,50.0,-307.62
40.75,0.0063,50.0,-307.6
40.8,0.0068,50.0,-307.59
40.85,0.0052,50.0,-307.57
40.9,0.0028,50.0,-307.56
40.95,0.001,50.0,-307.55
41.0,0.0012,50.0,-307.55
41.05,0.0007,50.0,-307.55
41.1,-0.0001,50.0,-307.55
41.15,-0.0004,50.0,-307.55
41.2,0.0008,50.0,-307.55
41.25,0.0013,50.0,-307.55
41.3,0.0019,50.0,-307.54
41.35,0.0014,50.0,-307.54
41.4,0.0019,50.0,-307.53
41.45,0.0023,50.0,-307.53
41.5,0.0021,50.0,-307.52
41.55,0.0018,50.0,-307.52
41.6,0.0021,50.0,-307.51
41.65,0.002,50.0,-307.51
41.7,0.0046,50.0,-307.5
41.75,0.0073,50.0,-307.48
41.8,0.0098,50.0,-307.46
41.85,0.0118,50.0,-307.43
41.9,0.0127,50.0,-307.4
41.95,0.0127,50.0,-307.36
42.0,0.0061,50.0,-307.34
42.05,0.0035,50.0,-307.33
42.1,0.0028,50.0,-307.32
42.15,0.0061,50.0,-307.31
42.2,0.0084,50.0,-307.29
42.25,0.0113,50.0,-307.26
42.3,0.0136,50.0,-307.23
42.35,0.0148,50.0,-307.19
42.4,0.0162,50.0,-307.15
42.45,0.0187,50.0,-307.1
42.5,0.0195,50.0,-307.05
42.55,0.0178,50.0,-307.0
42.6,0.0186,50.0,-306.96
42.65,0.0183,50.0,-306.91
42.7,0.0188,50.0,-306.86
42.75,0.0161,50.0,-306.81
42.8,0.0192,50.0,-306.77
42.85,0.0208,50.0,-306.71
42.9,0.0208,50.0,-306.66
42.95,0.0188,50.0,-306.61
43.0,0.0179,50.0,-306.56
43.05,0.0183,50.0,-306.51
43.1,0.015,50.0,-306.47
43.15,0.0132,50.0,-306.43
43.2,0.0117,50.0,-306.4
43.25,0.0106,50.0,-306.37
43.3,0.0069,50.0,-306.34
43.35,0.0056,50.0,-306.33
43.4,0.0058,50.0,-306.31
43.45,0.0101,50.0,-306.29
43.5,0.0122,50.0,-306.26
43.55,0.0146,50.0,-306.23
43.6,0.0158,50.0,-306.19
43.65,0.0164,50.0,-306.14
43.7,0.0169,50.0,-306.1
43.75,0.0154,50.0,-306.06
43.8,0.0149,50.0,-306.02
43.85,0.0175,50.0,-305.97
43.9,0.0221,50.0,-305.92
43.95,0.0262,50.0,-305.86
44.0,0.0318,50.0,-305.78
44.05,0.0326,50.0,-305.7
44.1,0.0271,50.0,-305.62
44.15,0.0295,50.0,-305.54
44.2,0.0359,50.0,-305.46
44.25,0.0413,50.0,-305.35
44.3,0.0417,50.0,-305.24
44.35,0.0424,50.0,-305.13
44.4,0.045,50.0,-305.02
44.45,0.04,50.0,-304.91
44.5,0.037,50.0,-304.8
44.55,0.0383,50.0,-304.71
44.6,0.0361,50.0,-304.61
44.65,0.0336,50.0,-304.52
44.7,0.0315,50.0,-304.43
44.75,0.0281,50.0,-304.35
44.8,0.0198,50.0,-304.29
44.85,0.0088,50.0,-304.25
44.9,0.0105,50.0,-304.22
44.95,0.0118,50.0,-304.19
45.0,0.0065,50.0,-304.17
45.05,0.002,50.0,-304.16
45.1,0.0015,50.0,-304.15
45.15,0.0045,50.0,-304.15
45.2,0.0039,50.0,-304.14
45.25,0.0101,50.0,-304.12
45.3,0.0171,50.0,-304.08
45.35,0.014,50.0,-304.04
45.4,0.0125,50.0,-304.01
45.45,0.0136,50.0,-303.97
45.5,0.0099,50.0,-303.94
45.55,0.0094,50.0,-303.91
45.6,0.0087,50.0,-303.89
45.65,0.0091,50.0,-303.87
45.7,0.0057,50.0,-303.85
45.75,-0.0001,50.0,-303.84
45.8,-0.005,50.0,-303.85
45.85,-0.0131,50.0,-303.87
45.9,-0.0179,50.0,-303.91
45.95,-0.0177,50.0,-303.96
46.0,-0.0173,50.0,-304.0
46.05,-0.0172,50.0,-304.05
46.1,-0.0199,50.0,-304.1
46.15,-0.0199,50.0,-304.15
46.2,-0.0206,50.0,-304.21
46.25,-0.0185,50.0,-304.26
46.3,-0.0132,50.0,-304.3
46.35,-0.0116,50.0,-304.33
46.4,-0.0107,50.0,-304.36
46.45,-0.0096,50.0,-304.39
46.5,-0.0107,50.0,-304.41
46.55,-0.0186,50.0,-304.45
46.6,-0.0307,50.0,-304.52
46.65,-0.0403,50.0,-304.61
46.7,-0.06,50.0,-304.74
46.75,-0.0867,50.0,-304.94
46.8,-0.1112,50.0,-305.2
46.85,-0.1332,50.0,-305.52
46.9,-0.1489,50.0,-305.89
46.95,-0.1566,50.0,-306.3
47.0,-0.1633,50.0,-306.72
47.05,-0.1664,50.0,-307.15
47.1,-0.1754,50.0,-307.61
47.15,-0.1685,50.0,-308.06
47.2,-0.1556,50.0,-308.49
47.25,-0.1473,50.0,-308.89
47.3,-0.1297,50.0,-309.25
47.35,-0.1166,50.0,-309.58
47.4,-0.1011,50.0,-309.87
47.45,-0.1036,50.0,-310.14
47.5,-0.1072,50.0,-310.41
47.55,-0.1086,50.0,-310.7
47.6,-0.11,50.0,-310.99
47.65,-0.1138,50.0,-311.28
47.7,-0.1153,50.0,-311.59
47.75,-0.1266,50.0,-311.9
47.8,-0.1367,50.0,-312.25
47.85,-0.1396,50.0,-312.62
47.9,-0.1369,50.0,-312.98
47.95,-0.1274,50.0,-313.33
48.0,-0.1306,50.0,-313.67
48.05,-0.1187,50.0,-314.0
48.1,-0.1214,50.0,-314.32
48.15,-0.1225,50.0,-314.64
48.2,-0.125,50.0,-314.97
48.25,-0.1214,50.0,-315.29
48.3,-0.1177,50.0,-315.61
48.35,-0.0922,50.0,-315.88
48.4,-0.0756,50.0,-316.11
48.45,-0.0657,50.0,-316.29
48.5,-0.0504,50.0,-316.45
48.55,-0.0473,50.0,-316.57
48.6,-0.0408,50.0,-316.69
48.65,-0.0447,50.0,-316.8
48.7,-0.0438,50.0,-316.92
48.75,-0.0587,50.0,-317.06
48.8,-0.0612,50.0,-317.21
48.85,-0.0492,50.0,-317.36
48.9,-0.033,50.0,-317.47
48.95,-0.0197,50.0,-317.54
49.0,-0.0094,50.0,-317.58
49.05,0.005,50.0,-317.58
49.1,0.0281,50.0,-317.54
49.15,0.0346,50.0,-317.46
49.2,0.0326,50.0,-317.37
49.25,0.0455,50.0,-317.26
49.3,0.0518,50.0,-317.14
49.35,0.0555,50.0,-316.99
49.4,0.0492,50.0,-316.86
49.45,0.0506,50.0,-316.72
49.5,0.0454,50.0,-316.6
49.55,0.0419,50.0,-316.48
49.6,0.0446,50.0,-316.37
49.65,0.0415,50.0,-316.25
49.7,0.0419,50.0,-316.14
49.75,0.0432,50.0,-316.03
49.8,0.0384,50.0,-315.92
49.85,0.032,50.0,-315.83
49.9,0.0299,50.0,-315.75
49.95,0.0266,50.0,-315.67
50.0,0.027,50.0,-315.6
50.05,0.0281,50.0,-315.53
50.1,0.0344,50.0,-315.45
50.15,0.0404,50.0,-315.35
50.2,0.0409,50.0,-315.24
50.25,0.045,50.0,-315.13
50.3,0.0351,50.0,-315.02
50.35,0.0302,50.0,-314.94
50.4,0.025,50.0,-314.86
50.45,0.02,50.0,-314.8
50.5,0.0168,50.0,-314.76
50.55,0.0117,50.0,-314.72
50.6,0.0086,50.0,-314.69
50.65,0.0083,50.0,-314.67
50.7,0.0074,50.0,-314.65
50.75,0.0071,50.0,-314.63
50.8,0.0055,50.0,-314.61
50.85,0.0049,50.0,-314.6
50.9,0.006,50.0,-314.58
50.95,0.0056,50.0,-314.57
51.0,0.0064,50.0,-314.55
51.05,0.0088,50.0,-314.53
51.1,0.0113,50.0,-314.51
51.15,0.0139,50.0,-314.47
51.2,0.015,50.0,-314.44
51.25,0.0159,50.0,-314.39
51.3,0.0137,50.0,-314.36
51.35,0.0111,50.0,-314.32
51.4,0.0095,50.0,-314.3
51.45,0.0063,50.0,-314.27
51.5,0.0051,50.0,-314.26
51.55,0.0031,50.0,-314.25
51.6,0.0008,50.0,-314.24
51.65,0.0,50.0,-314.24
51.7,0.0003,50.0,-314.24
51.75,0.0002,50.0,-314.24
51.8,0.0,50.0,-314.24
51.85,0.0017,50.0,-314.24
51.9,0.0041,50.0,-314.23
51.95,0.0051,50.0,-314.22
52.0,0.007,50.0,-314.2
52.05,0.0077,50.0,-314.18
52.1,0.0081,50.0,-314.16
52.15,0.0086,50.0,-314.14
52.2,0.0086,50.0,-314.12
52.25,0.0087,50.0,-314.1
52.3,0.0068,50.0,-314.08
52.35,0.0041,50.0,-314.06
52.4,0.0022,50.0,-314.05
52.45,0.0006,50.0,-314.05
52.5,-0.0024,50.0,-314.05
52.55,-0.006,50.0,-314.06
52.6,-0.0089,50.0,-314.08
52.65,-0.012,50.0,-314.11
52.7,-0.0138,50.0,-314.14
52.75,-0.0132,50.0,-314.18
52.8,-0.0114,50.0,-314.21
52.85,-0.0077,50.0,-314.24
52.9,0.0006,50.0,-314.25
52.95,0.0057,50.0,-314.24
53.0,0.0108,50.0,-314.22
53.05,0.0159,50.0,-314.18
53.1,0.0146,50.0,-314.14
53.15,0.0063,50.0,-314.11
53.2,0.0054,50.0,-314.1
53.25,0.012,50.0,-314.07
53.3,0.0149,50.0,-314.04
53.35,0.0167,50.0,-314.0
53.4,0.0164,50.0,-313.95
53.45,0.0124,50.0,-313.92
53.5,0.0022,50.0,-313.9
53.55,-0.0103,50.0,-313.91
53.6,-0.018,50.0,-313.94
53.65,-0.0303,50.0,-314.01
53.7,-0.0364,50.0,-314.1
53.75,-0.0293,50.0,-314.18
53.8,-0.0281,50.0,-314.26
53.85,-0.027,50.0,-314.33
53.9,-0.0264,50.0,-314.4
53.95,-0.019,50.0,-314.46
54.0,-0.007,50.0,-314.5
54.05,-0.0012,50.0,-314.51
54.1,-0.0076,50.0,-314.52
54.15,-0.0106,50.0,-314.54
54.2,0.0017,50.0,-314.55
54.25,0.0176,50.0,-314.53
54.3,0.0344,50.0,-314.46
54.35,0.0394,50.0,-314.36
54.4,0.0436,50.0,-314.25
54.45,0.0441,50.0,-314.14
54.5,0.0478,50.0,-314.02
54.55,0.0523,50.0,-313.88
54.6,0.0603,50.0,-313.74
54.65,0.0625,50.0,-313.57
54.7,0.0616,50.0,-313.41
54.75,0.0532,50.0,-313.26
54.8,0.041,50.0,-313.13
54.85,0.0307,50.0,-313.04
54.9,0.025,50.0,-312.97
54.95,0.0335,50.0,-312.89
55.0,0.0347,50.0,-312.8
55.05,0.0317,50.0,-312.71
55.1,0.0084,50.0,-312.66
55.15,0.0001,50.0,-312.65
55.2,0.0075,50.0,-312.64
55.25,0.0116,50.0,-312.61
55.3,0.024,50.0,-312.56
55.35,0.0315,50.0,-312.49
55.4,0.0345,50.0,-312.4
55.45,0.0315,50.0,-312.32
55.5,0.0225,50.0,-312.25
55.55,0.0264,50.0,-312.18
55.6,0.029,50.0,-312.11
55.65,0.0176,50.0,-312.05
55.7,0.0171,50.0,-312.0
55.75,0.0183,50.0,-311.95
55.8,0.0111,50.0,-311.92
55.85,0.0015,50.0,-311.9
55.9,0.0041,50.0,-311.89
55.95,0.0153,50.0,-311.87
56.0,-0.0001,50.0,-311.85
56.05,-0.0154,50.0,-311.87
56.1,-0.0065,50.0,-311.89
56.15,-0.0047,50.0,-311.91
56.2,-0.0106,50.0,-311.93
56.25,-0.0092,50.0,-311.96
56.3,0.0138,50.0,-311.95
56.35,0.025,50.0,-311.9
56.4,0.0252,50.0,-311.83
56.45,0.0403,50.0,-311.75
56.5,0.0557,50.0,-311.62
56.55,0.0563,50.0,-311.47
56.6,0.0568,50.0,-311.32
56.65,0.0526,50.0,-311.18
56.7,0.0472,50.0,-311.05
56.75,0.0358,50.0,-310.94
56.8,0.0209,50.0,-310.86
56.85,0.0157,50.0,-310.81
56.9,0.0159,50.0,-310.77
56.95,0.019,50.0,-310.73
57.0,0.0174,50.0,-310.68
57.05,0.0174,50.0,-310.63
57.1,0.0123,50.0,-310.59
57.15,0.0118,50.0,-310.56
57.2,0.0073,50.0,-310.54
57.25,0.0081,50.0,-310.51
57.3,0.0176,50.0,-310.48
57.35,0.0298,50.0,-310.42
57.4,0.0351,50.0,-310.33
57.45,0.0284,50.0,-310.25
57.5,0.0253,50.0,-310.18
57.55,0.0262,50.0,-310.11
57.6,0.028,50.0,-310.04
57.65,0.0294,50.0,-309.96
57.7,0.0255,50.0,-309.89
57.75,0.0197,50.0,-309.83
57.8,0.0135,50.0,-309.79
57.85,0.0077,50.0,-309.76
57.9,-0.0027,50.0,-309.75
57.95,-0.0175,50.0,-309.78
58.0,-0.0198,50.0,-309.83
58.05,-0.019,50.0,-309.88
58.1,-0.0231,50.0,-309.93
58.15,-0.015,50.0,-309.99
58.2,-0.0133,50.0,-310.02
58.25,-0.0103,50.0,-310.05
58.3,-0.0073,50.0,-310.08
58.35,-0.0124,50.0,-310.1
58.4,-0.0124,50.0,-310.14
58.45,-0.0106,50.0,-310.17
58.5,-0.0113,50.0,-310.19
58.55,-0.0114,50.0,-310.22
58.6,-0.0071,50.0,-310.25
58.65,0.0007,50.0,-310.26
58.7,-0.0032,50.0,-310.26
58.75,-0.011,50.0,-310.28
58.8,-0.0122,50.0,-310.31
58.85,-0.016,50.0,-310.35
58.9,-0.0172,50.0,-310.39
58.95,-0.0243,50.0,-310.45
59.0,-0.0218,50.0,-310.51
59.05,-0.0152,50.0,-310.56
59.1,-0.0158,50.0,-310.6
59.15,-0.0178,50.0,-310.64
59.2,-0.0136,50.0,-310.68
59.25,-0.0126,50.0,-310.72
59.3,-0.0193,50.0,-310.76
59.35,-0.0287,50.0,-310.82
59.4,-0.029,50.0,-310.9
59.45,-0.0255,50.0,-310.97
59.5,-0.0284,50.0,-311.04
59.55,-0.0286,50.0,-311.12
59.6,-0.0262,50.0,-311.19
59.65,-0.016,50.0,-311.25
59.7,-0.0082,50.0,-311.28
59.75,-0.0124,50.0,-311.3
59.8,-0.0135,50.0,-311.34
59.85,-0.0142,50.0,-311.38
59.9,-0.014,50.0,-311.41
59.95,0.0032,50.0,-311.43
60.0,0.0179,50.0,-311.4
60.05,0.0299,50.0,-311.34
60.1,0.0311,50.0,-311.26
60.15,0.0332,50.0,-311.17
60.2,0.0411,50.0,-311.07
60.25,0.0378,50.0,-310.97
60.3,0.0408,50.0,-310.86
60.35,0.0448,50.0,-310.75
60.4,0.0458,50.0,-310.63
60.45,0.0403,50.0,-310.52
60.5,0.0359,50.0,-310.42
60.55,0.0358,50.0,-310.32
60.6,0.03,50.0,-310.24
60.65,0.0168,50.0,-310.17
60.7,0.0195,50.0,-310.13
60.75,0.0217,50.0,-310.07
60.8,0.0205,50.0,-310.02
60.85,0.0216,50.0,-309.96
60.9,0.0256,50.0,-309.9
60.95,0.0329,50.0,-309.82
61.0,0.0328,50.0,-309.73
61.05,0.0299,50.0,-309.65
61.1,0.0237,50.0,-309.58
61.15,0.0173,50.0,-309.53
61.2,0.0193,50.0,-309.48
61.25,0.0239,50.0,-309.42
61.3,0.0237,50.0,-309.36
61.35,0.0261,50.0,-309.29
61.4,0.0184,50.0,-309.23
61.45,0.0113,50.0,-309.19
61.5,0.0018,50.0,-309.18
61.55,-0.0061,50.0,-309.18
61.6,-0.0061,50.0,-309.2
61.65,-0.006,50.0,-309.22
61.7,-0.0082,50.0,-309.23
61.75,-0.0083,50.0,-309.26
61.8,-0.0065,50.0,-309.28
61.85,-0.0048,50.0,-309.29
61.9,-0.0047,50.0,-309.3
61.95,-0.0023,50.0,-309.31
62.0,0.0005,50.0,-309.31
62.05,0.0061,50.0,-309.31
62.1,0.0124,50.0,-309.28
62.15,0.0127,50.0,-309.25
62.2,0.0132,50.0,-309.21
62.25,0.0152,50.0,-309.18
62.3,0.0156,50.0,-309.14
62.35,0.0133,50.0,-309.1
62.4,0.0114,50.0,-309.07
62.45,0.0093,50.0,-309.04
62.5,0.0076,50.0,-309.02
62.55,0.0051,50.0,-309.0
62.6,0.0017,50.0,-308.99
62.65,-0.0006,50.0,-308.99
62.7,-0.0032,50.0,-308.99
62.75,0.0052,50.0,-308.99
62.8,0.0098,50.0,-308.97
62.85,0.0047,50.0,-308.95
62.9,0.0019,50.0,-308.94
62.95,-0.0006,50.0,-308.94
63.0,0.0002,50.0,-308.94
63.05,0.0017,50.0,-308.94
63.1,0.0055,50.0,-308.93
63.15,0.0091,50.0,-308.91
63.2,0.0095,50.0,-308.89
63.25,0.0069,50.0,-308.86
63.3,0.0087,50.0,-308.84
63.35,0.0045,50.0,-308.83
63.4,0.0026,50.0,-308.82
63.45,0.0037,50.0,-308.81
63.5,0.0049,50.0,-308.8
63.55,0.0019,50.0,-308.79
63.6,-0.0051,50.0,-308.79
63.65,-0.0034,50.0,-308.8
63.7,-0.0017,50.0,-308.81
63.75,-0.0054,50.0,-308.82
63.8,-0.0068,50.0,-308.84
63.85,-0.0054,50.0,-308.85
63.9,-0.008,50.0,-308.87
63.95,-0.0115,50.0,-308.9
64.0,-0.0093,50.0,-308.92
64.05,-0.0036,50.0,-308.94
64.1,0.0019,50.0,-308.94
64.15,0.0047,50.0,-308.93
64.2,0.0037,50.0,-308.92
64.25,0.0009,50.0,-308.92
64.3,0.0049,50.0,-308.91
64.35,0.0099,50.0,-308.89
64.4,0.0132,50.0,-308.86
64.45,0.0114,50.0,-308.83
64.5,0.0038,50.0,-308.81
64.55,0.0007,50.0,-308.8
64.6,0.0004,50.0,-308.8
64.65,-0.0006,50.0,-308.8
64.7,-0.0021,50.0,-308.8
64.75,0.0017,50.0,-308.8
64.8,0.0048,50.0,-308.79
64.85,0.0063,50.0,-308.78
64.9,0.0085,50.0,-308.76
64.95,0.0115,50.0,-308.73
65.0,0.0132,50.0,-308.7
65.05,0.0124,50.0,-308.67
65.1,0.0054,50.0,-308.64
65.15,-0.0006,50.0,-308.64
65.2,-0.0068,50.0,-308.65
65.25,-0.005,50.0,-308.66
65.3,-0.0018,50.0,-308.67
65.35,-0.0019,50.0,-308.68
65.4,-0.0022,50.0,-308.68
65.45,-0.0047,50.0,-308.69
65.5,-0.0033,50.0,-308.7
65.55,-0.0079,50.0,-308.72
65.6,-0.0115,50.0,-308.74
65.65,-0.0113,50.0,-308.77
65.7,-0.0105,50.0,-308.8
65.75,-0.0153,50.0,-308.84
65.8,-0.0166,50.0,-308.88
65.85,-0.0192,50.0,-308.92
65.9,-0.0169,50.0,-308.97
65.95,-0.0127,50.0,-309.01
66.0,-0.0073,50.0,-309.04
66.05,-0.005,50.0,-309.05
66.1,-0.0029,50.0,-309.06
66.15,0.0007,50.0,-309.07
66.2,-0.0008,50.0,-309.07
66.25,-0.0004,50.0,-309.07
66.3,0.0002,50.0,-309.07
66.35,0.0008,50.0,-309.07
66.4,-0.004,50.0,-309.07
66.45,-0.0053,50.0,-309.08
66.5,0.0022,50.0,-309.09
66.55,0.0152,50.0,-309.07
66.6,0.0199,50.0,-309.02
66.65,0.0234,50.0,-308.96
66.7,0.026,50.0,-308.9
66.75,0.0278,50.0,-308.83
66.8,0.0349,50.0,-308.74
66.85,0.0429,50.0,-308.64
66.9,0.0472,50.0,-308.52
66.95,0.0398,50.0,-308.41
67.0,0.0338,50.0,-308.31
67.05,0.0307,50.0,-308.22
67.1,0.0245,50.0,-308.15
67.15,0.023,50.0,-308.09
67.2,0.0221,50.0,-308.03
67.25,0.0248,50.0,-307.97
67.3,0.0211,50.0,-307.91
67.35,0.0183,50.0,-307.85
67.4,0.0181,50.0,-307.81
67.45,0.0174,50.0,-307.76
67.5,0.0145,50.0,-307.72
67.55,0.0174,50.0,-307.68
67.6,0.0166,50.0,-307.63
67.65,0.015,50.0,-307.59
67.7,0.0122,50.0,-307.55
67.75,0.0159,50.0,-307.52
67.8,0.0223,50.0,-307.47
67.85,0.0238,50.0,-307.4
67.9,0.0276,50.0,-307.34
67.95,0.0267,50.0,-307.27
68.0,0.0243,50.0,-307.2
68.05,0.0215,50.0,-307.14
68.1,0.0248,50.0,-307.08
68.15,0.0279,50.0,-307.01
68.2,0.0272,50.0,-306.93
68.25,0.0202,50.0,-306.87
68.3,0.007,50.0,-306.84
68.35,-0.0058,50.0,-306.83
68.4,-0.0122,50.0,-306.86
68.45,-0.0182,50.0,-306.9
68.5,-0.0247,50.0,-306.95
68.55,-0.0319,50.0,-307.03
68.6,-0.0391,50.0,-307.12
68.65,-0.048,50.0,-307.24
68.7,-0.0542,50.0,-307.37
68.75,-0.0449,50.0,-307.5
68.8,-0.0377,50.0,-307.61
68.85,-0.0272,50.0,-307.7
68.9,-0.0136,50.0,-307.75
68.95,-0.0025,50.0,-307.77
69.0,0.0095,50.0,-307.76
69.05,0.0151,50.0,-307.73
69.1,0.0262,50.0,-307.68
69.15,0.0368,50.0,-307.59
69.2,0.0405,50.0,-307.49
69.25,0.0387,50.0,-307.39
69.3,0.0523,50.0,-307.27
69.35,0.0668,50.0,-307.11
69.4,0.0792,50.0,-306.92
69.45,0.0894,50.0,-306.69
69.5,0.1064,50.0,-306.44
69.55,0.1111,50.0,-306.15
69.6,0.1068,50.0,-305.86
69.65,0.1091,50.0,-305.58
69.7,0.1095,50.0,-305.29
69.75,0.1151,50.0,-304.99
69.8,0.1214,50.0,-304.68
69.85,0.1378,50.0,-304.34
69.9,0.1461,50.0,-303.96
69.95,0.1569,50.0,-303.56
70.0,0.1636,50.0,-303.14
70.05,0.1791,50.0,-302.69
70.1,0.1948,50.0,-302.19
70.15,0.1994,50.0,-301.67
70.2,0.2043,50.0,-301.14
70.25,0.2095,50.0,-300.59
70.3,0.2126,50.0,-300.04
70.35,0.1987,50.0,-299.49
70.4,0.1873,50.0,-298.98
70.45,0.179,50.0,-298.5
70.5,0.1611,50.0,-298.05
70.55,0.1279,50.0,-297.67
70.6,0.1011,50.0,-297.37
70.65,0.0551,50.0,-297.16
70.7,0.0613,50.0,-297.01
70.75,0.086,50.0,-296.81
70.8,0.0584,50.0,-296.62
70.85,0.0374,50.0,-296.5
70.9,0.0054,50.0,-296.44
70.95,-0.0174,50.0,-296.46
71.0,-0.0389,50.0,-296.53
71.05,-0.0528,50.0,-296.65
71.1,-0.0544,50.0,-296.79
71.15,-0.0714,50.0,-296.96
71.2,-0.085,50.0,-297.17
71.25,-0.0799,50.0,-297.38
71.3,-0.0891,50.0,-297.61
71.35,-0.0925,50.0,-297.85
71.4,-0.0829,50.0,-298.08
71.45,-0.0699,50.0,-298.28
71.5,-0.0634,50.0,-298.46
71.55,-0.0904,50.0,-298.66
71.6,-0.0881,50.0,-298.89
71.65,-0.0797,50.0,-299.12
71.7,-0.0819,50.0,-299.33
71.75,-0.0969,50.0,-299.56
71.8,-0.0936,50.0,-299.82
71.85,-0.0945,50.0,-300.06
71.9,-0.1195,50.0,-300.35
71.95,-0.1329,50.0,-300.68
72.0,-0.1106,50.0,-301.0
72.05,-0.0991,50.0,-301.28
72.1,-0.0969,50.0,-301.54
72.15,-0.0964,50.0,-301.79
72.2,-0.1104,50.0,-302.07
72.25,-0.1168,50.0,-302.37
72.3,-0.1173,50.0,-302.67
72.35,-0.1094,50.0,-302.97
72.4,-0.098,50.0,-303.25
72.45,-0.0913,50.0,-303.5
72.5,-0.0893,50.0,-303.74
72.55,-0.0807,50.0,-303.96
72.6,-0.0694,50.0,-304.16
72.65,-0.0598,50.0,-304.33
72.7,-0.0516,50.0,-304.48
72.75,-0.0432,50.0,-304.6
72.8,-0.0385,50.0,-304.71
72.85,-0.0373,50.0,-304.81
72.9,-0.0289,50.0,-304.9
72.95,-0.0221,50.0,-304.96
73.0,-0.0168,50.0,-305.01
73.05,-0.0214,50.0,-305.07
73.1,-0.0275,50.0,-305.13
73.15,-0.0366,50.0,-305.21
73.2,-0.0489,50.0,-305.33
73.25,-0.0628,50.0,-305.47
73.3,-0.0899,50.0,-305.68
73.35,-0.1129,50.0,-305.94
73.4,-0.137,50.0,-306.27
73.45,-0.16,50.0,-306.67
73.5,-0.189,50.0,-307.13
73.55,-0.2196,50.0,-307.67
73.6,-0.248,50.0,-308.28
73.65,-0.2748,50.0,-308.97
73.7,-0.3005,50.0,-309.73
73.75,-0.3242,50.0,-310.56
73.8,-0.3497,50.0,-311.45
73.85,-0.3739,50.0,-312.4
73.9,-0.3872,50.0,-313.41
73.95,-0.4038,50.0,-314.45
74.0,-0.4171,50.0,-315.53
74.05,-0.4349,50.0,-316.66
74.1,-0.441,50.0,-317.82
74.15,-0.4485,50.0,-318.99
74.2,-0.4599,50.0,-320.19
74.25,-0.4654,50.0,-321.41
74.3,-0.4678,50.0,-322.64
74.35,-0.474,50.0,-323.88
74.4,-0.4847,50.0,-325.15
74.45,-0.493,50.0,-326.44
74.5,-0.5158,50.0,-327.77
74.55,-0.5347,50.0,-329.16
74.6,-0.5596,50.0,-330.6
74.65,-0.5745,50.0,-332.1
74.7,-0.5757,50.0,-333.62
74.75,-0.5699,50.0,-335.13
74.8,-0.5652,50.0,-336.63
74.85,-0.5747,50.0,-338.13
74.9,-0.5828,50.0,-339.66
74.95,-0.5785,50.0,-341.19
75.0,-0.5712,50.0,-342.71
75.05,-0.5676,50.0,-344.22
75.1,-0.5572,50.0,-345.7
75.15,-0.5609,50.0,-347.18
75.2,-0.5693,50.0,-348.67
75.25,-0.573,50.0,-350.18
75.3,-0.57,50.0,-351.68
75.35,-0.5637,50.0,-353.18
75.4,-0.5701,50.0,-354.68
75.45,-0.5636,50.0,-356.17
75.5,-0.5644,50.0,-357.66
75.55,-0.5716,50.0,-359.16
75.6,-0.5739,50.0,-360.67
75.65,-0.5617,50.0,-362.17
75.7,-0.5542,50.0,-363.65
75.75,-0.5613,50.0,-365.12
75.8,-0.5639,50.0,-366.6
75.85,-0.5691,50.0,-368.1
75.9,-0.5737,50.0,-369.61
75.95,-0.5686,50.0,-371.12
76.0,-0.5501,50.0,-372.59
76.05,-0.5351,50.0,-374.03
76.1,-0.5333,50.0,-375.44
76.15,-0.5085,50.0,-376.81
76.2,-0.4735,50.0,-378.11
76.25,-0.4457,50.0,-379.32
76.3,-0.4165,50.0,-380.46
76.35,-0.3783,50.0,-381.51
76.4,-0.3456,50.0,-382.46
76.45,-0.3358,50.0,-383.36
76.5,-0.3295,50.0,-384.24
76.55,-0.2967,50.0,-385.07
76.6,-0.2718,50.0,-385.82
76.65,-0.2498,50.0,-386.51
76.7,-0.2273,50.0,-387.14
76.75,-0.2111,50.0,-387.72
76.8,-0.1994,50.0,-388.26
76.85,-0.1924,50.0,-388.77
76.9,-0.1702,50.0,-389.25
76.95,-0.1403,50.0,-389.66
77.0,-0.1241,50.0,-390.01
77.05,-0.1212,50.0,-390.34
77.1,-0.1187,50.0,-390.65
77.15,-0.1148,50.0,-390.96
77.2,-0.1086,50.0,-391.26
77.25,-0.0962,50.0,-391.53
77.3,-0.0757,50.0,-391.75
77.35,-0.0662,50.0,-391.94
77.4,-0.0605,50.0,-392.11
77.45,-0.0481,50.0,-392.25
77.5,-0.0216,50.0,-392.34
77.55,-0.0115,50.0,-392.39
77.6,-0.0088,50.0,-392.41
77.65,-0.0009,50.0,-392.43
77.7,0.006,50.0,-392.42
77.75,-0.0028,50.0,-392.41
77.8,-0.0226,50.0,-392.45
77.85,-0.0233,50.0,-392.51
77.9,-0.0185,50.0,-392.56
77.95,-0.0224,50.0,-392.62
78.0,-0.0311,50.0,-392.69
78.05,-0.0263,50.0,-392.76
78.1,-0.0258,50.0,-392.83
78.15,-0.0327,50.0,-392.91
78.2,-0.0289,50.0,-392.99
78.25,-0.0169,50.0,-393.05
78.3,-0.0126,50.0,-393.09
78.35,-0.021,50.0,-393.14
78.4,-0.0257,50.0,-393.2
78.45,-0.0308,50.0,-393.27
78.5,-0.0321,50.0,-393.35
78.55,-0.0245,50.0,-393.43
78.6,-0.0174,50.0,-393.48
78.65,-0.0143,50.0,-393.53
78.7,-0.0178,50.0,-393.57
78.75,-0.0191,50.0,-393.62
78.8,-0.016,50.0,-393.66
78.85,-0.0048,50.0,-393.69
78.9,0.0017,50.0,-393.7
78.95,0.0058,50.0,-393.69
79.0,0.0029,50.0,-393.67
79.05,0.0019,50.0,-393.67
79.1,-0.0005,50.0,-393.67
79.15,-0.004,50.0,-393.67
79.2,-0.0051,50.0,-393.68
79.25,-0.0129,50.0,-393.71
79.3,-0.0184,50.0,-393.75
79.35,-0.0267,50.0,-393.81
79.4,-0.0242,50.0,-393.88
79.45,-0.0265,50.0,-393.94
79.5,-0.0257,50.0,-394.01
79.55,-0.0284,50.0,-394.08
79.6,-0.0281,50.0,-394.16
79.65,-0.0335,50.0,-394.24
79.7,-0.0334,50.0,-394.33
79.75,-0.0271,50.0,-394.41
79.8,-0.0184,50.0,-394.47
79.85,-0.0059,50.0,-394.5
79.9,-0.0097,50.0,-394.52
79.95,-0.0072,50.0,-394.54
80.0,-0.0148,50.0,-394.57
80.05,-0.0192,50.0,-394.62
80.1,-0.0154,50.0,-394.66
80.15,-0.0037,50.0,-394.69
80.2,0.0001,50.0,-394.69
80.25,0.001,50.0,-394.69
80.3,-0.0042,50.0,-394.69
80.35,-0.0069,50.0,-394.71
80.4,-0.0244,50.0,-394.75
80.45,-0.0331,50.0,-394.83
80.5,-0.0343,50.0,-394.92
80.55,-0.0419,50.0,-395.02
80.6,-0.0426,50.0,-395.13
80.65,-0.0417,50.0,-395.24
80.7,-0.0302,50.0,-395.33
80.75,-0.0063,50.0,-395.38
80.8,0.0063,50.0,-395.38
80.85,0.0108,50.0,-395.36
80.9,0.0097,50.0,-395.33
80.95,0.0086,50.0,-395.31
81.0,0.0148,50.0,-395.28
81.05,0.0178,50.0,-395.23
81.1,0.0233,50.0,-395.18
81.15,0.0211,50.0,-395.12
81.2,0.0194,50.0,-395.07
81.25,0.0213,50.0,-395.01
81.3,0.0181,50.0,-394.96
81.35,0.0141,50.0,-394.92
81.4,0.0152,50.0,-394.88
81.45,0.0317,50.0,-394.82
81.5,0.033,50.0,-394.73
81.55,0.0279,50.0,-394.65
81.6,0.0184,50.0,-394.59
81.65,0.0099,50.0,-394.55
81.7,0.0016,50.0,-394.54
81.75,-0.0143,50.0,-394.56
81.8,-0.0089,50.0,-394.59
81.85,0.0035,50.0,-394.59
81.9,0.0091,50.0,-394.58
81.95,0.0099,50.0,-394.55
82.0,0.0226,50.0,-394.51
82.05,0.0264,50.0,-394.44
82.1,0.0209,50.0,-394.38
82.15,0.0107,50.0,-394.34
82.2,0.0048,50.0,-394.32
82.25,-0.0113,50.0,-394.33
82.3,-0.0177,50.0,-394.37
82.35,-0.0166,50.0,-394.41
82.4,-0.0202,50.0,-394.46
82.45,-0.0182,50.0,-394.51
82.5,-0.0168,50.0,-394.56
82.55,-0.0087,50.0,-394.59
82.6,-0.0172,50.0,-394.63
82.65,-0.0196,50.0,-394.67
82.7,-0.0152,50.0,-394.72
82.75,-0.0149,50.0,-394.76
82.8,-0.0167,50.0,-394.8
82.85,-0.0202,50.0,-394.85
82.9,-0.0177,50.0,-394.9
82.95,-0.0221,50.0,-394.95
83.0,-0.0252,50.0,-395.02
83.05,-0.024,50.0,-395.08
83.1,-0.0163,50.0,-395.13
83.15,-0.0089,50.0,-395.17
83.2,-0.0074,50.0,-395.19
83.25,-0.0057,50.0,-395.21
83.3,-0.0076,50.0,-395.22
83.35,-0.014,50.0,-395.25
83.4,-0.0211,50.0,-395.3
83.45,-0.0263,50.0,-395.36
83.5,-0.0266,50.0,-395.43
83.55,-0.0259,50.0,-395.5
83.6,-0.0243,50.0,-395.57
83.65,-0.0224,50.0,-395.63
83.7,-0.0201,50.0,-395.68
83.75,-0.0171,50.0,-395.73
83.8,-0.0151,50.0,-395.77
83.85,-0.0142,50.0,-395.81
83.9,-0.0127,50.0,-395.85
83.95,-0.0122,50.0,-395.88
84.0,-0.0103,50.0,-395.91
84.05,-0.0075,50.0,-395.94
84.1,-0.0047,50.0,-395.95
84.15,-0.0044,50.0,-395.96
84.2,-0.0058,50.0,-395.98
84.25,-0.0055,50.0,-395.99
84.3,-0.0047,50.0,-396.01
84.35,-0.0012,50.0,-396.01
84.4,0.0013,50.0,-396.01
84.45,0.0035,50.0,-396.01
84.5,0.0023,50.0,-396.0
84.55,0.0014,50.0,-395.99
84.6,0.0016,50.0,-395.99
84.65,-0.0004,50.0,-395.99
84.7,-0.0008,50.0,-395.99
84.75,0.0007,50.0,-395.99
84.8,0.0039,50.0,-395.98
84.85,0.0053,50.0,-395.97
84.9,0.0096,50.0,-395.95
84.95,0.0155,50.0,-395.92
85.0,0.0229,50.0,-395.87
85.05,0.0346,50.0,-395.79
85.1,0.0455,50.0,-395.69
85.15,0.0525,50.0,-395.56
85.2,0.0568,50.0,-395.41
85.25,0.0494,50.0,-395.27
85.3,0.0471,50.0,-395.15
85.35,0.0459,50.0,-395.02
85.4,0.0536,50.0,-394.89
85.45,0.0585,50.0,-394.74
85.5,0.0534,50.0,-394.6
85.55,0.0541,50.0,-394.45
85.6,0.0523,50.0,-394.31
85.65,0.0529,50.0,-394.17
85.7,0.0515,50.0,-394.04
85.75,0.0452,50.0,-393.91
85.8,0.0303,50.0,-393.81
85.85,0.015,50.0,-393.75
85.9,0.0117,50.0,-393.71
85.95,0.0122,50.0,-393.68
86.0,-0.0003,50.0,-393.67
86.05,-0.011,50.0,-393.68
86.1,-0.0073,50.0,-393.71
86.15,-0.0033,50.0,-393.72
86.2,-0.0049,50.0,-393.73
86.25,-0.003,50.0,-393.74
86.3,0.0019,50.0,-393.74
86.35,0.0009,50.0,-393.74
86.4,-0.0014,50.0,-393.74
86.45,0.0026,50.0,-393.74
86.5,0.0,50.0,-393.73
86.55,-0.0092,50.0,-393.75
86.6,-0.0132,50.0,-393.78
86.65,-0.0047,50.0,-393.8
86.7,-0.0024,50.0,-393.81
86.75,-0.0032,50.0,-393.82
86.8,-0.0007,50.0,-393.82
86.85,0.0007,50.0,-393.82
86.9,-0.003,50.0,-393.83
86.95,-0.0066,50.0,-393.84
87.0,-0.0026,50.0,-393.85
87.05,-0.0103,50.0,-393.87
87.1,-0.0193,50.0,-393.91
87.15,-0.025,50.0,-393.96
87.2,-0.0194,50.0,-394.02
87.25,-0.0183,50.0,-394.07
87.3,-0.0162,50.0,-394.12
87.35,-0.0175,50.0,-394.16
87.4,-0.0123,50.0,-394.2
87.45,-0.0012,50.0,-394.22
87.5,0.0088,50.0,-394.21
87.55,0.0137,50.0,-394.18
87.6,0.0144,50.0,-394.14
87.65,0.0189,50.0,-394.1
87.7,0.0216,50.0,-394.05
87.75,0.0239,50.0,-393.99
87.8,0.0253,50.0,-393.92
87.85,0.0306,50.0,-393.85
87.9,0.0346,50.0,-393.76
87.95,0.0358,50.0,-393.67
88.0,0.0325,50.0,-393.58
88.05,0.0278,50.0,-393.5
88.1,0.0229,50.0,-393.43
88.15,0.0172,50.0,-393.38
88.2,0.0132,50.0,-393.34
88.25,0.0071,50.0,-393.31
88.3,0.001,50.0,-393.3
88.35,-0.0026,50.0,-393.3
88.4,-0.008,50.0,-393.32
88.45,-0.0128,50.0,-393.34
88.5,-0.0146,50.0,-393.38
88.55,-0.014,50.0,-393.42
88.6,-0.0319,50.0,-393.48
88.65,-0.0534,50.0,-393.59
88.7,-0.0684,50.0,-393.75
88.75,-0.0838,50.0,-393.95
88.8,-0.0989,50.0,-394.19
88.85,-0.1144,50.0,-394.48
88.9,-0.131,50.0,-394.8
88.95,-0.1495,50.0,-395.17
89.0,-0.1675,50.0,-395.59
89.05,-0.182,50.0,-396.05
89.1,-0.1874,50.0,-396.54
89.15,-0.1945,50.0,-397.04
89.2,-0.1776,50.0,-397.53
89.25,-0.1619,50.0,-397.98
89.3,-0.1298,50.0,-398.37
89.35,-0.1083,50.0,-398.68
89.4,-0.0773,50.0,-398.93
89.45,-0.0451,50.0,-399.09
89.5,-0.0347,50.0,-399.19
89.55,-0.0177,50.0,-399.26
89.6,-0.0015,50.0,-399.29
89.65,0.0172,50.0,-399.27
89.7,0.0246,50.0,-399.21
89.75,0.0563,50.0,-399.1
89.8,0.0805,50.0,-398.92
89.85,0.106,50.0,-398.68
89.9,0.1112,50.0,-398.39
89.95,0.1215,50.0,-398.08
90.0,0.1202,50.0,-397.76
90.05,0.1075,50.0,-397.46
90.1,0.1041,50.0,-397.18
90.15,0.0933,50.0,-396.92
90.2,0.0911,50.0,-396.68
90.25,0.0804,50.0,-396.45
90.3,0.0852,50.0,-396.24
90.35,0.0749,50.0,-396.02
90.4,0.0651,50.0,-395.84
90.45,0.0581,50.0,-395.68
90.5,0.0678,50.0,-395.51
90.55,0.073,50.0,-395.32
90.6,0.0674,50.0,-395.14
90.65,0.0725,50.0,-394.95
90.7,0.0655,50.0,-394.77
90.75,0.0499,50.0,-394.62
90.8,0.0275,50.0,-394.52
90.85,0.025,50.0,-394.45
90.9,0.0149,50.0,-394.4
90.95,0.011,50.0,-394.36
91.0,0.0124,50.0,-394.33
91.05,0.018,50.0,-394.29
91.1,0.0243,50.0,-394.24
91.15,0.0294,50.0,-394.16
91.2,0.0329,50.0,-394.08
91.25,0.0349,50.0,-393.99
91.3,0.0303,50.0,-393.91
91.35,0.0226,50.0,-393.84
91.4,0.0188,50.0,-393.78
91.45,0.0128,50.0,-393.74
91.5,0.0091,50.0,-393.71
91.55,0.0087,50.0,-393.69
91.6,0.0114,50.0,-393.66
91.65,0.0116,50.0,-393.63
91.7,0.0103,50.0,-393.6
91.75,0.0128,50.0,-393.57
91.8,0.0155,50.0,-393.53
91.85,0.0226,50.0,-393.48
91.9,0.026,50.0,-393.42
91.95,0.0254,50.0,-393.35
92.0,0.0326,50.0,-393.28
92.05,0.0498,50.0,-393.17
92.1,0.0604,50.0,-393.02
92.15,0.0736,50.0,-392.84
92.2,0.0878,50.0,-392.63
92.25,0.1014,50.0,-392.38
92.3,0.1062,50.0,-392.11
92.35,0.0953,50.0,-391.84
92.4,0.0887,50.0,-391.6
92.45,0.0751,50.0,-391.38
92.5,0.061,50.0,-391.2
92.55,0.0456,50.0,-391.06
92.6,0.0308,50.0,-390.96
92.65,0.0141,50.0,-390.9
92.7,-0.0052,50.0,-390.89
92.75,-0.0222,50.0,-390.93
92.8,-0.0284,50.0,-390.99
92.85,-0.0433,50.0,-391.09
92.9,-0.0543,50.0,-391.22
92.95,-0.0555,50.0,-391.36
93.0,-0.0596,50.0,-391.51
93.05,-0.0587,50.0,-391.67
93.1,-0.0597,50.0,-391.83
93.15,-0.047,50.0,-391.97
93.2,-0.041,50.0,-392.08
93.25,-0.0358,50.0,-392.18
93.3,-0.022,50.0,-392.26
93.35,-0.0081,50.0,-392.3
93.4,-0.0047,50.0,-392.32
93.45,-0.0018,50.0,-392.33
93.5,0.0006,50.0,-392.33
93.55,0.0026,50.0,-392.32
93.6,-0.0049,50.0,-392.33
93.65,-0.0155,50.0,-392.35
93.7,-0.0223,50.0,-392.4
93.75,-0.0303,50.0,-392.47
93.8,-0.0349,50.0,-392.56
93.85,-0.0367,50.0,-392.65
93.9,-0.0349,50.0,-392.75
93.95,-0.031,50.0,-392.83
94.0,-0.0271,50.0,-392.91
94.05,-0.022,50.0,-392.98
94.1,-0.0137,50.0,-393.02
94.15,-0.0088,50.0,-393.05
94.2,-0.002,50.0,-393.07
94.25,0.0008,50.0,-393.07
94.3,0.0024,50.0,-393.06
94.35,0.0032,50.0,-393.06
94.4,0.0038,50.0,-393.05
94.45,0.0054,50.0,-393.04
94.5,0.0032,50.0,-393.02
94.55,0.0062,50.0,-393.01
94.6,0.0098,50.0,-392.99
94.65,0.0111,50.0,-392.96
94.7,0.0124,50.0,-392.93
94.75,0.0129,50.0,-392.9
94.8,0.0142,50.0,-392.86
94.85,0.0098,50.0,-392.83
94.9,0.0025,50.0,-392.81
94.95,0.0075,50.0,-392.8
95.0,0.0084,50.0,-392.78
95.05,0.0092,50.0,-392.76
95.1,0.0011,50.0,-392.74
95.15,-0.0051,50.0,-392.75
95.2,-0.0062,50.0,-392.76
95.25,-0.003,50.0,-392.78
95.3,0.0053,50.0,-392.77
95.35,0.0101,50.0,-392.75
95.4,0.0081,50.0,-392.73
95.45,0.0,50.0,-392.72
95.5,-0.005,50.0,-392.72
95.55,-0.0137,50.0,-392.75
95.6,-0.0215,50.0,-392.8
95.65,-0.03,50.0,-392.86
95.7,-0.0294,50.0,-392.94
95.75,-0.037,50.0,-393.03
95.8,-0.0426,50.0,-393.14
95.85,-0.0499,50.0,-393.26
95.9,-0.0486,50.0,-393.39
95.95,-0.052,50.0,-393.52
96.0,-0.0568,50.0,-393.66
96.05,-0.0576,50.0,-393.81
96.1,-0.0541,50.0,-393.96
96.15,-0.0542,50.0,-394.11
96.2,-0.056,50.0,-394.25
96.25,-0.05,50.0,-394.39
96.3,-0.0449,50.0,-394.52
96.35,-0.0363,50.0,-394.62
96.4,-0.0372,50.0,-394.72
96.45,-0.0465,50.0,-394.83
96.5,-0.0535,50.0,-394.96
96.55,-0.072,50.0,-395.13
96.6,-0.0934,50.0,-395.35
96.65,-0.1134,50.0,-395.62
96.7,-0.1421,50.0,-395.96
96.75,-0.1699,50.0,-396.37
96.8,-0.2001,50.0,-396.86
96.85,-0.2224,50.0,-397.41
96.9,-0.2424,50.0,-398.03
96.95,-0.2622,50.0,-398.69
97.0,-0.2838,50.0,-399.41
97.05,-0.314,50.0,-400.2
97.1,-0.3458,50.0,-401.07
97.15,-0.3577,50.0,-402.0
97.2,-0.3705,50.0,-402.96
97.25,-0.3763,50.0,-403.95
97.3,-0.4023,50.0,-404.98
97.35,-0.4235,50.0,-406.07
97.4,-0.4389,50.0,-407.21
97.45,-0.448,50.0,-408.38
97.5,-0.4574,50.0,-409.57
97.55,-0.4733,50.0,-410.8
97.6,-0.4864,50.0,-412.07
97.65,-0.4927,50.0,-413.36
97.7,-0.5003,50.0,-414.67
97.75,-0.5115,50.0,-416.01
97.8,-0.521,50.0,-417.37
97.85,-0.5319,50.0,-418.76
97.9,-0.5148,50.0,-420.14
97.95,-0.5106,50.0,-421.49
98.0,-0.5045,50.0,-422.83
98.05,-0.5004,50.0,-424.16
98.1,-0.4884,50.0,-425.47
98.15,-0.4737,50.0,-426.74
98.2,-0.4502,50.0,-427.96
98.25,-0.4312,50.0,-429.12
98.3,-0.4309,50.0,-430.26
98.35,-0.4381,50.0,-431.4
98.4,-0.4409,50.0,-432.56
98.45,-0.4364,50.0,-433.72
98.5,-0.4339,40.0,-434.87
98.55,-0.4305,40.0,-436.01
98.6,-0.4389,40.0,-437.16
98.65,-0.4449,40.0,-438.33
98.7,-0.457,40.0,-439.52
98.75,-0.4636,40.0,-440.73
98.8,-0.4549,40.0,-441.94
98.85,-0.4401,40.0,-443.13
98.9,-0.4204,40.0,-444.26
98.95,-0.4104,40.0,-445.36
99.0,-0.406,40.0,-446.44
99.05,-0.4072,40.0,-447.51
99.1,-0.4033,40.0,-448.58
99.15,-0.3883,40.0,-449.62
99.2,-0.3708,40.0,-450.63
99.25,-0.3551,40.0,-451.58
99.3,-0.3374,40.0,-452.5
99.35,-0.3232,40.0,-453.37
99.4,-0.3007,40.0,-454.19
99.45,-0.2736,40.0,-454.95
99.5,-0.2463,40.0,-455.64
99.55,-0.2252,40.0,-456.26
99.6,-0.2081,40.0,-456.83
99.65,-0.1981,40.0,-457.37
99.7,-0.1822,40.0,-457.87
99.75,-0.1641,40.0,-458.33
99.8,-0.1283,40.0,-458.71
99.85,-0.0978,40.0,-459.01
99.9,-0.0657,40.0,-459.23
99.95,-0.0289,40.0,-459.35
100.0,-0.0014,40.0,-459.39
100.05,0.0162,40.0,-459.37
100.1,0.0184,40.0,-459.33
100.15,0.0237,40.0,-459.27
100.2,0.0194,40.0,-459.22
100.25,0.0113,40.0,-459.18
100.3,-0.0086,40.0,-459.17
100.35,-0.0222,40.0,-459.21
100.4,-0.0366,40.0,-459.29
100.45,-0.0422,40.0,-459.39
100.5,-0.0401,40.0,-459.5
100.55,-0.0374,40.0,-459.6
100.6,-0.0376,40.0,-459.7
100.65,-0.0184,40.0,-459.78
100.7,0.0134,40.0,-459.78
100.75,0.0532,40.0,-459.7
100.8,0.0813,40.0,-459.52
100.85,0.1167,40.0,-459.26
100.9,0.1507,40.0,-458.9
100.95,0.183,40.0,-458.46
101.0,0.2098,40.0,-457.95
101.05,0.2397,40.0,-457.35
101.1,0.2724,40.0,-456.68
101.15,0.304,40.0,-455.92
101.2,0.3445,40.0,-455.06
101.25,0.3698,40.0,-454.12
101.3,0.3871,40.0,-453.12
101.35,0.3846,40.0,-452.1
101.4,0.3902,40.0,-451.08
101.45,0.3828,40.0,-450.06
101.5,0.3777,40.0,-449.05
101.55,0.3648,40.0,-448.07
101.6,0.3556,40.0,-447.12
101.65,0.3463,40.0,-446.19
101.7,0.3401,40.0,-445.29
101.75,0.3408,40.0,-444.39
101.8,0.3434,40.0,-443.49
101.85,0.352,40.0,-442.57
101.9,0.361,40.0,-441.63
101.95,0.3703,40.0,-440.66
102.0,0.3978,40.0,-439.65
102.05,0.42,40.0,-438.57
102.1,0.4366,40.0,-437.44
102.15,0.4424,40.0,-436.28
102.2,0.4453,40.0,-435.11
102.25,0.4498,40.0,-433.92
102.3,0.4452,40.0,-432.74
102.35,0.4497,40.0,-431.56
102.4,0.4661,40.0,-430.35
102.45,0.4813,40.0,-429.1
102.5,0.4942,40.0,-427.81
102.55,0.4887,40.0,-426.52
102.6,0.4766,40.0,-425.24
102.65,0.451,40.0,-424.02
102.7,0.4225,40.0,-422.87
102.75,0.3898,40.0,-421.79
102.8,0.3544,40.0,-420.81
102.85,0.3025,40.0,-419.94
102.9,0.2535,40.0,-419.21
102.95,0.2176,40.0,-418.59
103.0,0.1615,40.0,-418.09
103.05,0.1071,45.0,-417.73
103.1,0.0563,45.0,-417.52
103.15,0.0275,45.0,-417.41
103.2,-0.011,45.0,-417.38
103.25,-0.0411,45.0,-417.45
103.3,-0.0898,45.0,-417.63
103.35,-0.1191,45.0,-417.9
103.4,-0.1422,45.0,-418.25
103.45,-0.1645,45.0,-418.65
103.5,-0.1887,45.0,-419.12
103.55,-0.2046,45.0,-419.64
103.6,-0.2354,45.0,-420.22
103.65,-0.2648,45.0,-420.88
103.7,-0.2717,45.0,-421.59
103.75,-0.277,45.0,-422.31
103.8,-0.2735,45.0,-423.04
103.85,-0.292,45.0,-423.78
103.9,-0.3015,45.0,-424.57
103.95,-0.3249,45.0,-425.39
104.0,-0.3475,45.0,-426.28
104.05,-0.3537,45.0,-427.21
104.1,-0.3468,45.0,-428.13
104.15,-0.3588,45.0,-429.06
104.2,-0.3701,45.0,-430.03
104.25,-0.3778,45.0,-431.01
104.3,-0.3787,45.0,-432.01
104.35,-0.38,45.0,-433.01
104.4,-0.3881,45.0,-434.03
104.45,-0.3705,45.0,-435.03
104.5,-0.3347,45.0,-435.96
104.55,-0.3084,45.0,-436.81
104.6,-0.2957,45.0,-437.61
104.65,-0.2954,45.0,-438.39
104.7,-0.2805,45.0,-439.15
104.75,-0.2665,45.0,-439.87
104.8,-0.237,45.0,-440.53
104.85,-0.2215,45.0,-441.14
104.9,-0.2137,45.0,-441.71
104.95,-0.2029,45.0,-442.26
105.0,-0.1833,45.0,-442.77
105.05,-0.1543,45.0,-443.22
105.1,-0.1239,45.0,-443.58
105.15,-0.1017,45.0,-443.88
105.2,-0.0844,45.0,-444.13
105.25,-0.0623,45.0,-444.32
105.3,-0.0626,45.0,-444.49
105.35,-0.0647,45.0,-444.65
105.4,-0.0657,45.0,-444.83
105.45,-0.0453,45.0,-444.97
105.5,-0.0347,45.0,-445.08
105.55,-0.0266,45.0,-445.16
105.6,-0.0074,45.0,-445.2
105.65,0.0149,45.0,-445.19
105.7,0.0193,45.0,-445.15
105.75,0.0375,45.0,-445.07
105.8,0.0428,45.0,-444.97
105.85,0.0486,45.0,-444.85
105.9,0.0476,45.0,-444.72
105.95,0.0486,45.0,-444.59
106.0,0.0349,45.0,-444.48
106.05,0.0156,45.0,-444.42
106.1,0.0088,45.0,-444.38
106.15,0.0025,45.0,-444.37
106.2,0.0079,45.0,-444.36
106.25,-0.0037,45.0,-444.35
106.3,-0.0178,45.0,-444.38
106.35,-0.0321,45.0,-444.44
106.4,-0.0308,45.0,-444.53
106.45,-0.0365,45.0,-444.62
106.5,-0.0391,45.0,-444.72
106.55,-0.0515,45.0,-444.84
106.6,-0.0391,45.0,-444.96
106.65,-0.0358,45.0,-445.05
106.7,-0.0281,45.0,-445.14
106.75,-0.0283,45.0,-445.21
106.8,-0.0171,45.0,-445.27
106.85,-0.0028,45.0,-445.3
106.9,0.0019,45.0,-445.3
106.95,0.0055,45.0,-445.29
107.0,0.0139,45.0,-445.27
107.05,0.0251,45.0,-445.21
107.1,0.0196,45.0,-445.15
107.15,0.0246,45.0,-445.1
107.2,0.0246,45.0,-445.03
107.25,0.0292,45.0,-444.96
107.3,0.0267,45.0,-444.89
107.35,0.0407,50.0,-444.8
107.4,0.046,50.0,-444.68
107.45,0.0498,50.0,-444.56
107.5,0.0637,50.0,-444.41
107.55,0.0756,50.0,-444.22
107.6,0.0897,50.0,-444.01
107.65,0.102,50.0,-443.75
107.7,0.1188,50.0,-443.46
107.75,0.1243,50.0,-443.14
107.8,0.1291,50.0,-442.81
107.85,0.1325,50.0,-442.46
107.9,0.1349,50.0,-442.11
107.95,0.1322,50.0,-441.75
108.0,0.1334,50.0,-441.4
108.05,0.1351,50.0,-441.05
108.1,0.1407,50.0,-440.69
108.15,0.1393,50.0,-440.32
108.2,0.1355,50.0,-439.95
108.25,0.135,50.0,-439.6
108.3,0.1391,50.0,-439.23
108.35,0.1431,50.0,-438.86
108.4,0.1445,50.0,-438.48
108.45,0.1503,50.0,-438.09
108.5,0.1367,50.0,-437.71
108.55,0.1277,50.0,-437.36
108.6,0.1212,50.0,-437.04
108.65,0.1145,50.0,-436.73
108.7,0.1004,50.0,-436.44
108.75,0.0796,50.0,-436.2
108.8,0.063,50.0,-436.02
108.85,0.0382,50.0,-435.88
108.9,0.0219,45.0,-435.8
108.95,-0.0013,45.0,-435.78
109.0,-0.0356,45.0,-435.82
109.05,-0.0618,45.0,-435.95
109.1,-0.0787,45.0,-436.14
109.15,-0.0956,45.0,-436.37
109.2,-0.0888,45.0,-436.61
109.25,-0.0808,45.0,-436.84
109.3,-0.0696,45.0,-437.03
109.35,-0.0728,45.0,-437.22
109.4,-0.0592,45.0,-437.4
109.45,-0.0302,45.0,-437.51
109.5,-0.0167,45.0,-437.58
109.55,0.0138,45.0,-437.58
109.6,0.0461,45.0,-437.5
109.65,0.0758,45.0,-437.34
109.7,0.0673,45.0,-437.15
109.75,0.0562,45.0,-436.99
109.8,0.0564,45.0,-436.84
109.85,0.0571,45.0,-436.69
109.9,0.0382,45.0,-436.56
109.95,0.0401,45.0,-436.46
110.0,0.0294,45.0,-436.37
110.05,0.0001,45.0,-436.33
110.1,-0.0194,45.0,-436.36
110.15,-0.0189,45.0,-436.41
110.2,-0.0121,45.0,-436.45
110.25,-0.0367,45.0,-436.51
110.3,-0.0406,45.0,-436.61
110.35,-0.0479,45.0,-436.73
110.4,-0.0647,45.0,-436.88
110.45,-0.0723,45.0,-437.06
110.5,-0.0442,45.0,-437.21
110.55,-0.0224,45.0,-437.3
110.6,-0.0228,45.0,-437.36
110.65,-0.0465,45.0,-437.45
110.7,-0.0561,45.0,-437.59
110.75,-0.056,45.0,-437.74
110.8,-0.0539,45.0,-437.88
110.85,-0.0318,45.0,-437.99
110.9,-0.0179,45.0,-438.06
110.95,-0.0129,45.0,-438.1
111.0,-0.0142,45.0,-438.14
111.05,-0.0264,45.0,-438.19
111.1,-0.0342,45.0,-438.27
111.15,-0.0359,45.0,-438.36
111.2,-0.0292,45.0,-438.45
111.25,-0.0263,45.0,-438.52
111.3,-0.0359,45.0,-438.6
111.35,-0.032,45.0,-438.69
111.4,-0.0294,45.0,-438.77
111.45,-0.0316,45.0,-438.85
111.5,-0.0233,45.0,-438.93
111.55,-0.0143,45.0,-438.98
111.6,-0.0217,45.0,-439.02
111.65,-0.0283,45.0,-439.09
111.7,-0.0271,45.0,-439.16
111.75,-0.0195,45.0,-439.23
111.8,-0.0194,45.0,-439.28
111.85,-0.0124,45.0,-439.32
111.9,-0.0072,45.0,-439.34
111.95,-0.011,45.0,-439.37
112.0,-0.0094,45.0,-439.4
112.05,0.0012,45.0,-439.41
112.1,0.0172,40.0,-439.38
112.15,0.0332,40.0,-439.32
112.2,0.0362,40.0,-439.22
112.25,0.0341,40.0,-439.13
112.3,0.0388,40.0,-439.03
112.35,0.0336,40.0,-438.94
112.4,0.0326,40.0,-438.85
112.45,0.0265,40.0,-438.77
112.5,0.0096,40.0,-438.73
112.55,0.0156,40.0,-438.69
112.6,0.0349,40.0,-438.63
112.65,0.029,40.0,-438.54
112.7,0.0226,40.0,-438.47
112.75,0.0158,40.0,-438.42
112.8,0.025,40.0,-438.37
112.85,0.0275,40.0,-438.3
112.9,0.0189,40.0,-438.24
112.95,0.0278,40.0,-438.18
113.0,0.0317,40.0,-438.1
113.05,0.0356,40.0,-438.01
113.1,0.0426,40.0,-437.91
113.15,0.0443,40.0,-437.79
113.2,0.0403,40.0,-437.68
113.25,0.0354,40.0,-437.58
113.3,0.0388,40.0,-437.48
113.35,0.0561,40.0,-437.36
113.4,0.0521,40.0,-437.21
113.45,0.0568,40.0,-437.07
113.5,0.0695,40.0,-436.9
113.55,0.0784,40.0,-436.71
113.6,0.0743,40.0,-436.51
113.65,0.0667,40.0,-436.32
113.7,0.0779,40.0,-436.13
113.75,0.0622,40.0,-435.94
113.8,0.0576,40.0,-435.79
113.85,0.0684,40.0,-435.62
113.9,0.08,40.0,-435.42
113.95,0.0751,40.0,-435.22
114.0,0.0747,40.0,-435.02
114.05,0.0769,40.0,-434.82
114.1,0.0915,40.0,-434.6
114.15,0.1081,40.0,-434.34
114.2,0.0931,40.0,-434.07
114.25,0.0912,40.0,-433.83
114.3,0.0924,40.0,-433.58
114.35,0.0926,30.0,-433.34
114.4,0.0896,30.0,-433.1
114.45,0.0954,30.0,-432.86
114.5,0.0992,30.0,-432.6
114.55,0.0967,30.0,-432.34
114.6,0.0767,30.0,-432.11
114.65,0.0636,30.0,-431.93
114.7,0.0571,30.0,-431.77
114.75,0.0534,30.0,-431.62
114.8,0.0575,30.0,-431.47
114.85,0.0653,30.0,-431.31
114.9,0.0689,30.0,-431.14
114.95,0.0359,30.0,-431.0
115.0,0.0037,30.0,-430.95
115.05,0.005,30.0,-430.93
115.1,0.0098,30.0,-430.91
115.15,0.0093,30.0,-430.89
115.2,0.0205,30.0,-430.85
115.25,0.0235,30.0,-430.79
115.3,0.0172,30.0,-430.74
115.35,0.0064,30.0,-430.71
115.4,0.032,30.0,-430.66
115.45,0.0464,30.0,-430.55
115.5,0.0544,30.0,-430.42
115.55,0.0573,30.0,-430.27
115.6,0.0583,30.0,-430.12
115.65,0.0446,30.0,-429.98
115.7,0.0253,30.0,-429.89
115.75,0.0457,30.0,-429.8
115.8,0.0957,30.0,-429.61
115.85,0.1051,30.0,-429.35
115.9,0.0925,30.0,-429.08
115.95,0.0999,30.0,-428.83
116.0,0.0896,30.0,-428.58
116.05,0.069,30.0,-428.37
116.1,0.056,30.0,-428.21
116.15,0.0927,30.0,-428.01
116.2,0.1061,30.0,-427.75
116.25,0.0906,30.0,-427.49
116.3,0.0663,30.0,-427.28
116.35,0.0532,30.0,-427.12
116.4,0.0374,30.0,-427.0
116.45,0.0451,30.0,-426.89
116.5,0.0605,30.0,-426.76
116.55,0.0414,30.0,-426.62
116.6,0.0189,30.0,-426.54
116.65,0.0085,30.0,-426.51
116.7,0.0255,30.0,-426.46
116.75,0.0187,30.0,-426.4
116.8,0.0084,30.0,-426.37
116.85,0.0167,30.0,-426.33
116.9,0.0407,30.0,-426.26
116.95,0.0212,30.0,-426.18
117.0,-0.0129,30.0,-426.16
117.05,-0.0159,30.0,-426.2
117.1,-0.0108,30.0,-426.24
117.15,-0.0114,30.0,-426.27
117.2,-0.0146,30.0,-426.3
117.25,-0.0165,30.0,-426.34
117.3,-0.0393,30.0,-426.42
117.35,-0.0564,30.0,-426.54
117.4,-0.0618,30.0,-426.7
117.45,-0.0568,30.0,-426.86
117.5,-0.0529,30.0,-427.0
117.55,-0.0491,30.0,-427.13
117.6,-0.0435,30.0,-427.26
117.65,-0.0543,30.0,-427.39
117.7,-0.0802,30.0,-427.56
117.75,-0.0882,30.0,-427.79
117.8,-0.0363,30.0,-427.95
117.85,-0.0276,35.0,-428.03
117.9,-0.0269,35.0,-428.11
117.95,-0.0132,35.0,-428.16
118.0,0.0052,35.0,-428.17
118.05,0.0218,35.0,-428.13
118.1,0.0332,35.0,-428.06
118.15,0.0692,35.0,-427.93
118.2,0.0943,35.0,-427.71
118.25,0.1109,35.0,-427.44
118.3,0.1114,35.0,-427.15
118.35,0.0951,35.0,-426.87
118.4,0.0651,35.0,-426.66
118.45,0.0904,35.0,-426.46
118.5,0.1098,35.0,-426.19
118.55,0.1317,35.0,-425.87
118.6,0.1214,35.0,-425.54
118.65,0.1131,35.0,-425.23
118.7,0.1165,35.0,-424.93
118.75,0.095,35.0,-424.65
118.8,0.0806,35.0,-424.42
118.85,0.0878,35.0,-424.19
118.9,0.1086,35.0,-423.93
118.95,0.0988,35.0,-423.66
119.0,0.0859,35.0,-423.42
119.05,0.0762,35.0,-423.2
119.1,0.0866,35.0,-422.99
119.15,0.0879,35.0,-422.76
119.2,0.1085,35.0,-422.5
119.25,0.1061,35.0,-422.22
119.3,0.1014,35.0,-421.94
119.35,0.1053,35.0,-421.67
119.4,0.0895,35.0,-421.41
119.45,0.0836,35.0,-421.18
119.5,0.0778,35.0,-420.97
119.55,0.0872,35.0,-420.75
119.6,0.0896,35.0,-420.52
119.65,0.0974,35.0,-420.27
119.7,0.0866,35.0,-420.03
119.75,0.06,35.0,-419.84
119.8,0.064,40.0,-419.67
119.85,0.0616,40.0,-419.51
119.9,0.062,40.0,-419.34
119.95,0.0856,40.0,-419.15
120.0,0.0916,40.0,-418.91
120.05,0.0632,40.0,-418.71
120.1,0.0383,40.0,-418.58
120.15,0.0436,40.0,-418.47
120.2,0.0627,40.0,-418.33
120.25,0.046,40.0,-418.18
120.3,0.0366,40.0,-418.07
120.35,0.0294,40.0,-417.99
120.4,0.0145,40.0,-417.93
120.45,0.0044,40.0,-417.9
120.5,0.0127,40.0,-417.88
120.55,0.0261,40.0,-417.83
120.6,0.0321,40.0,-417.75
120.65,0.0313,40.0,-417.67
120.7,0.035,40.0,-417.58
120.75,0.0263,40.0,-417.5
120.8,-0.0009,40.0,-417.47
120.85,0.0181,40.0,-417.45
120.9,0.0424,40.0,-417.37
120.95,0.0443,40.0,-417.25
121.0,0.0171,40.0,-417.17
121.05,0.0127,40.0,-417.13
121.1,0.0137,40.0,-417.1
121.15,0.0021,40.0,-417.08
121.2,0.0223,40.0,-417.04
121.25,0.0553,40.0,-416.94
121.3,0.0615,40.0,-416.79
121.35,0.0591,40.0,-416.63
121.4,0.0513,40.0,-416.48
121.45,0.0677,40.0,-416.32
121.5,0.0779,40.0,-416.13
121.55,0.062,40.0,-415.95
121.6,0.057,40.0,-415.79
121.65,0.0522,40.0,-415.65
121.7,0.0458,40.0,-415.52
121.75,0.046,40.0,-415.4
121.8,0.034,40.0,-415.29
121.85,0.0265,40.0,-415.21
121.9,0.0088,40.0,-415.16
121.95,0.0003,40.0,-415.15
122.0,-0.0138,40.0,-415.17
122.05,-0.0263,40.0,-415.22
122.1,-0.0254,40.0,-415.29
122.15,-0.0225,40.0,-415.35
122.2,-0.0038,40.0,-415.39
122.25,0.0109,40.0,-415.38
122.3,0.0084,40.0,-415.35
122.35,0.0144,40.0,-415.32
122.4,0.0389,40.0,-415.25
122.45,0.0474,40.0,-415.14
122.5,0.0499,40.0,-415.01
122.55,0.0692,40.0,-414.85
122.6,0.088,40.0,-414.65
122.65,0.0947,40.0,-414.41
122.7,0.0984,40.0,-414.15
122.75,0.1067,40.0,-413.88
122.8,0.1029,40.0,-413.6
122.85,0.0915,40.0,-413.35
122.9,0.0844,40.0,-413.11
122.95,0.0792,40.0,-412.9
123.0,0.0713,40.0,-412.7
123.05,0.0745,40.0,-412.51
123.1,0.0874,40.0,-412.29
123.15,0.0834,40.0,-412.07
123.2,0.0662,40.0,-411.87
123.25,0.041,40.0,-411.73
123.3,0.0329,40.0,-411.63
123.35,0.0229,40.0,-411.56
123.4,0.0239,40.0,-411.5
123.45,0.0333,40.0,-411.42
123.5,0.0367,40.0,-411.33
123.55,0.0209,40.0,-411.25
123.6,0.0203,40.0,-411.2
123.65,0.0241,40.0,-411.14
123.7,0.0391,40.0,-411.06
123.75,0.053,40.0,-410.93
123.8,0.071,40.0,-410.77
123.85,0.0897,40.0,-410.56
123.9,0.1014,40.0,-410.31
123.95,0.1343,40.0,-410.0
124.0,0.145,40.0,-409.63
124.05,0.1499,40.0,-409.24
124.1,0.1438,40.0,-408.85
124.15,0.1766,40.0,-408.43
124.2,0.1934,40.0,-407.94
124.25,0.2064,40.0,-407.41
124.3,0.212,40.0,-406.86
124.35,0.2266,40.0,-406.28
124.4,0.2349,40.0,-405.67
124.45,0.2447,40.0,-405.04
124.5,0.2524,40.0,-404.38
124.55,0.2509,40.0,-403.72
124.6,0.2629,40.0,-403.04
124.65,0.299,40.0,-402.3
124.7,0.3463,40.0,-401.44
124.75,0.3628,40.0,-400.51
124.8,0.3735,40.0,-399.54
124.85,0.3719,40.0,-398.55
124.9,0.3735,40.0,-397.57
124.95,0.3558,40.0,-396.61
125.0,0.3462,40.0,-395.68
125.05,0.3023,40.0,-394.82
125.1,0.255,40.0,-394.09
125.15,0.2131,40.0,-393.47
125.2,0.1645,40.0,-392.97
125.25,0.1442,40.0,-392.56
125.3,0.1101,40.0,-392.23
125.35,0.0913,40.0,-391.96
125.4,0.0648,40.0,-391.76
125.45,0.0285,40.0,-391.63
125.5,0.0195,40.0,-391.57
125.55,0.0164,40.0,-391.52
125.6,0.009,40.0,-391.49
125.65,0.0019,40.0,-391.47
125.7,0.0164,40.0,-391.45
125.75,0.0696,40.0,-391.34
125.8,0.0948,40.0,-391.12
125.85,0.0888,40.0,-390.88
125.9,0.1114,40.0,-390.61
125.95,0.1224,40.0,-390.3
126.0,0.1137,40.0,-389.99
126.05,0.0815,40.0,-389.74
126.1,0.0443,40.0,-389.57
126.15,0.0074,40.0,-389.5
126.2,-0.0423,40.0,-389.55
126.25,-0.0572,40.0,-389.68
126.3,-0.0745,40.0,-389.85
126.35,-0.1298,40.0,-390.12
126.4,-0.1801,40.0,-390.53
126.45,-0.1961,40.0,-391.03
126.5,-0.2252,40.0,-391.58
126.55,-0.2379,40.0,-392.2
126.6,-0.2515,40.0,-392.84
126.65,-0.2288,40.0,-393.48
126.7,-0.2277,40.0,-394.08
126.75,-0.2457,40.0,-394.7
126.8,-0.2147,40.0,-395.31
126.85,-0.1761,50.0,-395.83
126.9,-0.1652,50.0,-396.28
126.95,-0.161,50.0,-396.71
127.0,-0.1264,50.0,-397.09
127.05,-0.0949,50.0,-397.38
127.1,-0.0865,50.0,-397.62
127.15,-0.0889,50.0,-397.85
127.2,-0.0773,50.0,-398.07
127.25,-0.0848,50.0,-398.28
127.3,-0.0718,50.0,-398.49
127.35,-0.0766,50.0,-398.69
127.4,-0.0829,50.0,-398.9
127.45,-0.0784,50.0,-399.11
127.5,-0.0664,50.0,-399.3
127.55,-0.0515,50.0,-399.46
127.6,-0.0459,50.0,-399.58
127.65,-0.0599,50.0,-399.72
127.7,-0.0696,50.0,-399.9
127.75,-0.0761,50.0,-400.09
127.8,-0.0661,50.0,-400.28
127.85,-0.0402,50.0,-400.42
127.9,-0.0004,50.0,-400.47
127.95,0.035,50.0,-400.42
128.0,0.075,50.0,-400.28
128.05,0.1236,50.0,-400.02
128.1,0.157,50.0,-399.65
128.15,0.1513,50.0,-399.24
128.2,0.1335,50.0,-398.86
128.25,0.1059,50.0,-398.55
128.3,0.0732,50.0,-398.31
128.35,0.0576,50.0,-398.14
128.4,0.0336,50.0,-398.02
128.45,0.0204,50.0,-397.95
128.5,0.0161,50.0,-397.9
128.55,0.0196,50.0,-397.85
128.6,0.0156,50.0,-397.8
128.65,0.0055,50.0,-397.78
128.7,-0.0033,50.0,-397.77
128.75,-0.0034,50.0,-397.78
128.8,-0.0239,50.0,-397.82
128.85,-0.0385,50.0,-397.9
128.9,-0.0453,50.0,-398.01
128.95,-0.0502,50.0,-398.14
129.0,-0.0404,50.0,-398.26
129.05,-0.0253,50.0,-398.34
129.1,-0.0026,50.0,-398.38
129.15,0.0201,50.0,-398.36
129.2,0.0389,50.0,-398.28
129.25,0.0745,50.0,-398.13
129.3,0.113,50.0,-397.88
129.35,0.1456,50.0,-397.54
129.4,0.1596,50.0,-397.14
129.45,0.1541,50.0,-396.72
129.5,0.148,50.0,-396.33
129.55,0.1388,50.0,-395.95
129.6,0.1558,50.0,-395.56
129.65,0.1777,50.0,-395.12
129.7,0.1981,50.0,-394.62
129.75,0.2243,50.0,-394.06
129.8,0.2557,50.0,-393.43
129.85,0.2778,50.0,-392.73
129.9,0.301,50.0,-391.96
129.95,0.3172,50.0,-391.15
130.0,0.3363,50.0,-390.28
130.05,0.3461,50.0,-389.38
130.1,0.3467,50.0,-388.47
130.15,0.3365,50.0,-387.57
130.2,0.3301,50.0,-386.69
130.25,0.3359,50.0,-385.81
130.3,0.3297,50.0,-384.93
130.35,0.3116,50.0,-384.08
130.4,0.2917,50.0,-383.29
130.45,0.2446,50.0,-382.58
130.5,0.2071,50.0,-381.98
130.55,0.1851,50.0,-381.46
130.6,0.1666,50.0,-381.0
130.65,0.1366,50.0,-380.6
130.7,0.0897,50.0,-380.3
130.75,0.0499,50.0,-380.12
130.8,-0.0018,50.0,-380.05
130.85,-0.0381,50.0,-380.11
130.9,-0.0647,50.0,-380.24
130.95,-0.0742,50.0,-380.42
131.0,-0.0893,50.0,-380.64
131.05,-0.0945,50.0,-380.88
131.1,-0.1051,50.0,-381.15
131.15,-0.1153,50.0,-381.44
131.2,-0.1285,50.0,-381.76
131.25,-0.1351,50.0,-382.11
131.3,-0.1368,50.0,-382.47
131.35,-0.1358,50.0,-382.83
131.4,-0.1664,50.0,-383.23
131.45,-0.1825,50.0,-383.69
131.5,-0.1928,50.0,-384.18
131.55,-0.2173,50.0,-384.72
131.6,-0.2228,50.0,-385.3
131.65,-0.2379,50.0,-385.91
131.7,-0.2456,50.0,-386.55
131.75,-0.2606,50.0,-387.22
131.8,-0.2499,50.0,-387.89
131.85,-0.2401,50.0,-388.54
131.9,-0.2293,50.0,-389.16
131.95,-0.2102,50.0,-389.74
132.0,-0.1858,50.0,-390.26
132.05,-0.1794,50.0,-390.74
132.1,-0.1557,50.0,-391.19
132.15,-0.145,50.0,-391.58
132.2,-0.1163,50.0,-391.93
132.25,-0.0906,50.0,-392.2
132.3,-0.0857,50.0,-392.43
132.35,-0.0721,50.0,-392.64
132.4,-0.0555,50.0,-392.81
132.45,-0.0457,50.0,-392.94
132.5,-0.0486,50.0,-393.07
132.55,-0.0509,50.0,-393.2
132.6,-0.0456,50.0,-393.33
132.65,-0.0432,50.0,-393.44
132.7,-0.0504,50.0,-393.57
132.75,-0.0528,50.0,-393.7
132.8,-0.0561,50.0,-393.85
132.85,-0.0461,50.0,-393.98
132.9,-0.0386,50.0,-394.09
132.95,-0.0349,50.0,-394.19
133.0,-0.0237,50.0,-394.27
133.05,-0.0119,50.0,-394.32
133.1,-0.0043,50.0,-394.34
133.15,0.0032,50.0,-394.34
133.2,-0.0015,50.0,-394.34
133.25,-0.0031,50.0,-394.34
133.3,0.0104,50.0,-394.33
133.35,0.0211,50.0,-394.29
133.4,0.0111,50.0,-394.25
133.45,0.0184,50.0,-394.21
133.5,0.0463,50.0,-394.12
133.55,0.0638,50.0,-393.98
133.6,0.0681,50.0,-393.8
133.65,0.0661,50.0,-393.63
133.7,0.0648,50.0,-393.45
133.75,0.0482,50.0,-393.31
133.8,0.0495,50.0,-393.18
133.85,0.0514,50.0,-393.04
133.9,0.0428,50.0,-392.92
133.95,0.0354,50.0,-392.82
134.0,0.0482,50.0,-392.71
134.05,0.0568,50.0,-392.57
134.1,0.0574,50.0,-392.42
134.15,0.0577,50.0,-392.26
134.2,0.0682,50.0,-392.1
134.25,0.0757,50.0,-391.91
134.3,0.0621,50.0,-391.73
134.35,0.0564,50.0,-391.57
134.4,0.0559,50.0,-391.42
134.45,0.0566,50.0,-391.27
134.5,0.0426,50.0,-391.14
134.55,0.0566,50.0,-391.01
134.6,0.0683,50.0,-390.85
134.65,0.0703,50.0,-390.66
134.7,0.0696,50.0,-390.48
134.75,0.0911,50.0,-390.27
134.8,0.0867,50.0,-390.03
134.85,0.0704,50.0,-389.82
134.9,0.0723,50.0,-389.64
134.95,0.0507,50.0,-389.47
135.0,0.0201,50.0,-389.38
135.05,-0.0086,50.0,-389.36
135.1,-0.0205,50.0,-389.4
135.15,-0.0334,50.0,-389.47
135.2,-0.0426,50.0,-389.57
135.25,-0.0401,40.0,-389.68
135.3,-0.034,40.0,-389.78
135.35,-0.0281,40.0,-389.86
135.4,-0.0299,40.0,-389.94
135.45,-0.027,40.0,-390.02
135.5,-0.0217,40.0,-390.08
135.55,-0.0211,40.0,-390.14
135.6,-0.0312,40.0,-390.21
135.65,-0.0309,40.0,-390.29
135.7,-0.009,40.0,-390.34
135.75,0.0088,40.0,-390.34
135.8,0.027,40.0,-390.29
135.85,0.0384,40.0,-390.21
135.9,0.052,40.0,-390.09
135.95,0.0571,40.0,-389.94
136.0,0.0517,40.0,-389.8
136.05,0.0517,40.0,-389.66
136.1,0.0404,40.0,-389.54
136.15,0.0271,40.0,-389.45
136.2,0.026,40.0,-389.38
136.25,0.0335,40.0,-389.3
136.3,0.0373,40.0,-389.21
136.35,0.03,40.0,-389.12
136.4,0.0307,40.0,-389.04
136.45,0.043,40.0,-388.94
136.5,0.0429,40.0,-388.83
136.55,0.0439,40.0,-388.72
136.6,0.0464,40.0,-388.6
136.65,0.0373,40.0,-388.49
136.7,0.0077,40.0,-388.43
136.75,-0.006,40.0,-388.42
136.8,0.0006,40.0,-388.43
136.85,-0.0066,40.0,-388.44
136.9,-0.0259,40.0,-388.48
136.95,-0.0309,40.0,-388.56
137.0,-0.0194,40.0,-388.62
137.05,-0.0133,40.0,-388.67
137.1,-0.0152,40.0,-388.7
137.15,-0.0066,40.0,-388.73
137.2,0.0108,40.0,-388.73
137.25,0.0151,40.0,-388.69
137.3,0.0283,40.0,-388.64
137.35,0.0371,40.0,-388.55
137.4,0.0324,40.0,-388.46
137.45,0.0337,40.0,-388.37
137.5,0.0561,40.0,-388.25
137.55,0.0783,40.0,-388.08
137.6,0.0836,40.0,-387.86
137.65,0.0907,40.0,-387.63
137.7,0.0888,40.0,-387.39
137.75,0.0804,40.0,-387.17
137.8,0.0624,40.0,-386.98
137.85,0.0486,40.0,-386.84
137.9,0.0335,40.0,-386.73
137.95,0.0193,40.0,-386.66
138.0,0.0051,40.0,-386.63
138.05,0.0106,40.0,-386.61
138.1,0.0333,40.0,-386.55
138.15,0.0261,40.0,-386.47
138.2,0.0293,40.0,-386.4
138.25,0.0348,40.0,-386.31
138.3,0.0375,40.0,-386.22
138.35,0.0325,40.0,-386.12
138.4,0.0175,40.0,-386.06
138.45,0.0115,40.0,-386.02
138.5,-0.0004,40.0,-386.0
138.55,0.0395,40.0,-385.95
138.6,0.0759,40.0,-385.8
138.65,0.084,40.0,-385.59
138.7,0.0807,40.0,-385.37
138.75,0.1012,40.0,-385.13
138.8,0.1283,40.0,-384.83
138.85,0.1565,40.0,-384.45
138.9,0.1764,40.0,-384.01
138.95,0.2071,40.0,-383.51
139.0,0.2274,40.0,-382.93
139.05,0.2394,40.0,-382.32
139.1,0.2547,40.0,-381.67
139.15,0.2574,40.0,-380.99
139.2,0.2912,40.0,-380.27
139.25,0.3106,40.0,-379.47
139.3,0.351,40.0,-378.6
139.35,0.3715,40.0,-377.64
139.4,0.3673,40.0,-376.67
139.45,0.3824,40.0,-375.68
139.5,0.3951,40.0,-374.65
139.55,0.4039,40.0,-373.6
139.6,0.4158,40.0,-372.52
139.65,0.4362,40.0,-371.39
139.7,0.4474,40.0,-370.23
139.75,0.433,40.0,-369.06
139.8,0.4414,40.0,-367.91
139.85,0.4726,40.0,-366.7
139.9,0.4903,40.0,-365.43
139.95,0.4739,40.0,-364.16
140.0,0.4178,40.0,-362.98
140.05,0.3662,40.0,-361.95
140.1,0.3181,40.0,-361.04
140.15,0.2687,40.0,-360.27
140.2,0.228,40.0,-359.61
140.25,0.183,40.0,-359.07
140.3,0.1332,40.0,-358.65
140.35,0.0868,40.0,-358.36
140.4,0.049,40.0,-358.18
140.45,0.0048,40.0,-358.11
140.5,-0.0502,40.0,-358.17
140.55,-0.0784,40.0,-358.34
140.6,-0.1004,40.0,-358.58
140.65,-0.1519,40.0,-358.91
140.7,-0.2133,40.0,-359.39
140.75,-0.2455,40.0,-360.0
140.8,-0.262,40.0,-360.67
140.85,-0.2693,40.0,-361.37
140.9,-0.2768,40.0,-362.09
140.95,-0.2918,40.0,-362.84
141.0,-0.3215,40.0,-363.65
141.05,-0.3746,40.0,-364.57
141.1,-0.3898,40.0,-365.58
141.15,-0.3828,40.0,-366.6
141.2,-0.3753,40.0,-367.6
141.25,-0.3559,40.0,-368.56
141.3,-0.3475,40.0,-369.49
141.35,-0.3342,40.0,-370.39
141.4,-0.3171,40.0,-371.25
141.45,-0.2569,40.0,-372.01
141.5,-0.1777,40.0,-372.58
141.55,-0.1376,40.0,-373.0
141.6,-0.1028,40.0,-373.32
141.65,-0.0527,40.0,-373.52
141.7,-0.0404,40.0,-373.65
141.75,-0.0247,40.0,-373.73
141.8,-0.01,40.0,-373.78
141.85,0.0158,25.0,-373.77
141.9,0.0114,25.0,-373.73
141.95,-0.0039,25.0,-373.72
142.0,-0.002,25.0,-373.73
142.05,0.0057,25.0,-373.73
142.1,0.0336,25.0,-373.68
142.15,0.0789,25.0,-373.53
142.2,0.1245,25.0,-373.26
142.25,0.1281,25.0,-372.92
142.3,0.1335,25.0,-372.58
142.35,0.1488,25.0,-372.21
142.4,0.1786,25.0,-371.77
142.45,0.1051,25.0,-371.4
142.5,0.0596,25.0,-371.18
142.55,0.0923,25.0,-370.98
142.6,0.1204,25.0,-370.7
142.65,0.1276,25.0,-370.37
142.7,0.1202,25.0,-370.05
142.75,0.1191,25.0,-369.73
142.8,0.095,25.0,-369.45
142.85,0.077,25.0,-369.22
142.9,0.0794,25.0,-369.01
142.95,0.059,25.0,-368.83
143.0,-0.0348,25.0,-368.8
143.05,-0.072,25.0,-368.94
143.1,-0.0741,25.0,-369.13
143.15,-0.1062,25.0,-369.37
143.2,-0.1304,25.0,-369.68
143.25,-0.125,25.0,-370.02
143.3,-0.0765,25.0,-370.29
143.35,-0.0758,25.0,-370.49
143.4,-0.0916,25.0,-370.71
143.45,-0.0816,25.0,-370.94
143.5,-0.0664,25.0,-371.13
143.55,-0.0915,25.0,-371.34
143.6,-0.0843,25.0,-371.57
143.65,-0.0654,25.0,-371.77
143.7,-0.062,25.0,-371.94
143.75,-0.1073,25.0,-372.16
143.8,-0.1335,25.0,-372.48
143.85,-0.1138,25.0,-372.81
143.9,-0.1025,25.0,-373.09
143.95,-0.0504,25.0,-373.29
144.0,-0.0354,25.0,-373.41
144.05,-0.0383,25.0,-373.51
144.1,-0.0605,25.0,-373.64
144.15,-0.0611,25.0,-373.8
144.2,-0.0551,25.0,-373.95
144.25,-0.0792,25.0,-374.13
144.3,-0.1037,25.0,-374.37
144.35,-0.1033,50.0,-374.64
144.4,-0.0828,50.0,-374.89
144.45,-0.0671,50.0,-375.09
144.5,-0.0541,50.0,-375.25
144.55,-0.0647,50.0,-375.4
144.6,-0.0653,50.0,-375.57
144.65,-0.0599,50.0,-375.74
144.7,-0.0455,50.0,-375.88
144.75,-0.0474,50.0,-376.0
144.8,-0.0405,50.0,-376.12
144.85,-0.0241,50.0,-376.2
144.9,-0.0252,50.0,-376.27
144.95,-0.0382,50.0,-376.35
145.0,-0.0627,50.0,-376.48
145.05,-0.0203,50.0,-376.59
145.1,-0.0012,50.0,-376.62
145.15,-0.0572,50.0,-376.7
145.2,-0.1288,50.0,-376.94
145.25,-0.1366,50.0,-377.29
145.3,-0.1435,50.0,-377.66
145.35,-0.1469,50.0,-378.05
145.4,-0.1378,50.0,-378.42
145.45,-0.1198,50.0,-378.76
145.5,-0.1369,50.0,-379.1
145.55,-0.1639,50.0,-379.5
145.6,-0.152,50.0,-379.92
145.65,-0.1467,50.0,-380.31
145.7,-0.1462,50.0,-380.7
145.75,-0.1445,50.0,-381.08
145.8,-0.1289,50.0,-381.44
145.85,-0.1572,50.0,-381.82
145.9,-0.1816,50.0,-382.27
145.95,-0.1696,50.0,-382.73
146.0,-0.1542,50.0,-383.16
146.05,-0.1849,50.0,-383.61
146.1,-0.2306,50.0,-384.15
146.15,-0.2362,50.0,-384.77
146.2,-0.2733,50.0,-385.44
146.25,-0.3142,50.0,-386.22
146.3,-0.3301,50.0,-387.07
146.35,-0.2831,50.0,-387.88
146.4,-0.259,50.0,-388.59
146.45,-0.2602,50.0,-389.28
146.5,-0.2657,50.0,-389.97
146.55,-0.2443,50.0,-390.65
146.6,-0.202,50.0,-391.24
146.65,-0.1584,50.0,-391.71
146.7,-0.1071,50.0,-392.06
146.75,-0.0651,50.0,-392.29
146.8,-0.0197,50.0,-392.4
146.85,-0.0134,50.0,-392.44
146.9,0.0096,40.0,-392.45
146.95,0.0373,40.0,-392.39
147.0,0.0689,40.0,-392.25
147.05,0.0828,40.0,-392.05
147.1,0.1071,40.0,-391.8
147.15,0.1326,40.0,-391.48
147.2,0.1535,40.0,-391.1
147.25,0.1316,40.0,-390.73
147.3,0.1098,40.0,-390.41
147.35,0.0894,40.0,-390.14
147.4,0.0424,40.0,-389.97
147.45,0.0161,40.0,-389.89
147.5,0.0031,40.0,-389.87
147.55,0.0012,40.0,-389.86
147.6,-0.0073,40.0,-389.87
147.65,-0.0054,40.0,-389.89
147.7,0.0034,40.0,-389.89
147.75,0.0,40.0,-389.89
147.8,-0.0272,40.0,-389.92
147.85,-0.0357,40.0,-390.0
147.9,-0.0448,40.0,-390.11
147.95,-0.0634,40.0,-390.25
148.0,-0.0922,40.0,-390.46
148.05,-0.0931,40.0,-390.7
148.1,-0.0994,40.0,-390.96
148.15,-0.114,40.0,-391.24
148.2,-0.1099,40.0,-391.53
148.25,-0.0773,40.0,-391.78
148.3,-0.0645,40.0,-391.97
148.35,-0.0697,40.0,-392.15
148.4,-0.067,40.0,-392.33
148.45,-0.0543,40.0,-392.49
148.5,-0.0345,40.0,-392.6
148.55,-0.0391,40.0,-392.7
148.6,-0.0342,40.0,-392.8
148.65,-0.0604,40.0,-392.92
148.7,-0.0951,40.0,-393.13
148.75,-0.1306,40.0,-393.43
148.8,-0.1293,40.0,-393.77
148.85,-0.1279,40.0,-394.11
148.9,-0.1305,40.0,-394.45
148.95,-0.134,40.0,-394.8
149.0,-0.1509,40.0,-395.17
149.05,-0.1739,40.0,-395.6
149.1,-0.1633,40.0,-396.05
149.15,-0.1491,40.0,-396.46
149.2,-0.1445,40.0,-396.85
149.25,-0.1137,40.0,-397.19
149.3,-0.0919,40.0,-397.46
149.35,-0.0782,40.0,-397.69
149.4,-0.0802,40.0,-397.89
149.45,-0.0603,40.0,-398.08
149.5,-0.0339,40.0,-398.2
149.55,-0.0117,40.0,-398.26
149.6,0.006,40.0,-398.27
149.65,0.0085,40.0,-398.25
149.7,-0.019,40.0,-398.27
149.75,-0.0356,40.0,-398.34
149.8,-0.0362,40.0,-398.43
149.85,-0.03,40.0,-398.52
149.9,-0.0422,40.0,-398.62
